sku,semana,anio_relativo,ventas_unidades
SKU_001,1,1,289
SKU_001,2,1,319
SKU_001,3,1,237
SKU_001,4,1,139
SKU_001,5,1,299
SKU_001,6,1,297
SKU_001,7,1,318
SKU_001,8,1,407
SKU_001,9,1,288
SKU_001,10,1,375
SKU_001,11,1,240
SKU_001,12,1,298
SKU_001,13,1,310
SKU_001,14,1,316
SKU_001,15,1,306
SKU_001,16,1,291
SKU_001,17,1,230
SKU_001,18,1,209
SKU_001,19,1,412
SKU_001,20,1,180
SKU_001,21,1,134
SKU_001,22,1,121
SKU_001,23,1,109
SKU_001,24,1,115
SKU_001,25,1,90
SKU_001,26,1,99
SKU_001,27,1,52
SKU_001,28,1,43
SKU_001,29,1,32
SKU_001,30,1,18
SKU_001,31,1,12
SKU_001,32,1,10
SKU_001,33,1,11
SKU_001,34,1,11
SKU_001,35,1,9
SKU_001,36,1,12
SKU_001,37,1,11
SKU_001,38,1,19
SKU_001,39,1,31
SKU_001,40,1,44
SKU_001,41,1,61
SKU_001,42,1,70
SKU_001,43,1,82
SKU_001,44,1,105
SKU_001,45,1,93
SKU_001,46,1,113
SKU_001,47,1,132
SKU_001,48,1,157
SKU_001,49,1,216
SKU_001,50,1,192
SKU_001,51,1,227
SKU_001,52,1,307
SKU_001,53,2,258
SKU_001,54,2,318
SKU_001,55,2,257
SKU_001,56,2,299
SKU_001,57,2,272
SKU_001,58,2,306
SKU_001,59,2,367
SKU_001,60,2,243
SKU_001,61,2,347
SKU_001,62,2,334
SKU_001,63,2,288
SKU_001,64,2,241
SKU_001,65,2,301
SKU_001,66,2,263
SKU_001,67,2,281
SKU_001,68,2,257
SKU_001,69,2,297
SKU_001,70,2,213
SKU_001,71,2,171
SKU_001,72,2,188
SKU_001,73,2,168
SKU_001,74,2,173
SKU_001,75,2,139
SKU_001,76,2,111
SKU_001,77,2,106
SKU_001,78,2,58
SKU_001,79,2,50
SKU_001,80,2,35
SKU_001,81,2,27
SKU_001,82,2,15
SKU_001,83,2,12
SKU_001,84,2,11
SKU_001,85,2,9
SKU_001,86,2,9
SKU_001,87,2,12
SKU_001,88,2,13
SKU_001,89,2,15
SKU_001,90,2,27
SKU_001,91,2,30
SKU_001,92,2,35
SKU_001,93,2,37
SKU_001,94,2,73
SKU_001,95,2,76
SKU_001,96,2,98
SKU_001,97,2,112
SKU_001,98,2,139
SKU_001,99,2,188
SKU_001,100,2,185
SKU_001,101,2,196
SKU_001,102,2,185
SKU_001,103,2,177
SKU_001,104,2,235
SKU_002,1,1,300
SKU_002,2,1,403
SKU_002,3,1,338
SKU_002,4,1,394
SKU_002,5,1,326
SKU_002,6,1,295
SKU_002,7,1,310
SKU_002,8,1,325
SKU_002,9,1,479
SKU_002,10,1,315
SKU_002,11,1,397
SKU_002,12,1,297
SKU_002,13,1,378
SKU_002,14,1,337
SKU_002,15,1,296
SKU_002,16,1,284
SKU_002,17,1,241
SKU_002,18,1,263
SKU_002,19,1,210
SKU_002,20,1,167
SKU_002,21,1,147
SKU_002,22,1,164
SKU_002,23,1,171
SKU_002,24,1,120
SKU_002,25,1,135
SKU_002,26,1,82
SKU_002,27,1,73
SKU_002,28,1,47
SKU_002,29,1,30
SKU_002,30,1,24
SKU_002,31,1,13
SKU_002,32,1,15
SKU_002,33,1,13
SKU_002,34,1,10
SKU_002,35,1,10
SKU_002,36,1,16
SKU_002,37,1,16
SKU_002,38,1,20
SKU_002,39,1,30
SKU_002,40,1,56
SKU_002,41,1,51
SKU_002,42,1,68
SKU_002,43,1,107
SKU_002,44,1,111
SKU_002,45,1,139
SKU_002,46,1,157
SKU_002,47,1,192
SKU_002,48,1,248
SKU_002,49,1,229
SKU_002,50,1,271
SKU_002,51,1,185
SKU_002,52,1,284
SKU_002,53,2,265
SKU_002,54,2,261
SKU_002,55,2,289
SKU_002,56,2,327
SKU_002,57,2,402
SKU_002,58,2,288
SKU_002,59,2,366
SKU_002,60,2,339
SKU_002,61,2,346
SKU_002,62,2,414
SKU_002,63,2,382
SKU_002,64,2,414
SKU_002,65,2,326
SKU_002,66,2,286
SKU_002,67,2,294
SKU_002,68,2,297
SKU_002,69,2,275
SKU_002,70,2,207
SKU_002,71,2,230
SKU_002,72,2,212
SKU_002,73,2,252
SKU_002,74,2,193
SKU_002,75,2,121
SKU_002,76,2,113
SKU_002,77,2,76
SKU_002,78,2,72
SKU_002,79,2,65
SKU_002,80,2,54
SKU_002,81,2,28
SKU_002,82,2,19
SKU_002,83,2,9
SKU_002,84,2,12
SKU_002,85,2,11
SKU_002,86,2,12
SKU_002,87,2,11
SKU_002,88,2,12
SKU_002,89,2,9
SKU_002,90,2,16
SKU_002,91,2,43
SKU_002,92,2,37
SKU_002,93,2,52
SKU_002,94,2,101
SKU_002,95,2,141
SKU_002,96,2,97
SKU_002,97,2,132
SKU_002,98,2,169
SKU_002,99,2,231
SKU_002,100,2,175
SKU_002,101,2,219
SKU_002,102,2,277
SKU_002,103,2,286
SKU_002,104,2,271
SKU_003,1,1,136
SKU_003,2,1,116
SKU_003,3,1,146
SKU_003,4,1,151
SKU_003,5,1,167
SKU_003,6,1,151
SKU_003,7,1,178
SKU_003,8,1,192
SKU_003,9,1,170
SKU_003,10,1,173
SKU_003,11,1,163
SKU_003,12,1,158
SKU_003,13,1,136
SKU_003,14,1,228
SKU_003,15,1,137
SKU_003,16,1,173
SKU_003,17,1,152
SKU_003,18,1,120
SKU_003,19,1,92
SKU_003,20,1,78
SKU_003,21,1,99
SKU_003,22,1,77
SKU_003,23,1,69
SKU_003,24,1,40
SKU_003,25,1,51
SKU_003,26,1,39
SKU_003,27,1,24
SKU_003,28,1,20
SKU_003,29,1,16
SKU_003,30,1,10
SKU_003,31,1,6
SKU_003,32,1,6
SKU_003,33,1,6
SKU_003,34,1,6
SKU_003,35,1,7
SKU_003,36,1,4
SKU_003,37,1,6
SKU_003,38,1,10
SKU_003,39,1,16
SKU_003,40,1,20
SKU_003,41,1,21
SKU_003,42,1,38
SKU_003,43,1,57
SKU_003,44,1,42
SKU_003,45,1,73
SKU_003,46,1,71
SKU_003,47,1,84
SKU_003,48,1,80
SKU_003,49,1,100
SKU_003,50,1,138
SKU_003,51,1,136
SKU_003,52,1,168
SKU_003,53,2,167
SKU_003,54,2,159
SKU_003,55,2,196
SKU_003,56,2,171
SKU_003,57,2,186
SKU_003,58,2,161
SKU_003,59,2,172
SKU_003,60,2,153
SKU_003,61,2,196
SKU_003,62,2,139
SKU_003,63,2,185
SKU_003,64,2,157
SKU_003,65,2,183
SKU_003,66,2,167
SKU_003,67,2,181
SKU_003,68,2,149
SKU_003,69,2,96
SKU_003,70,2,115
SKU_003,71,2,88
SKU_003,72,2,89
SKU_003,73,2,105
SKU_003,74,2,83
SKU_003,75,2,59
SKU_003,76,2,47
SKU_003,77,2,46
SKU_003,78,2,30
SKU_003,79,2,26
SKU_003,80,2,23
SKU_003,81,2,18
SKU_003,82,2,11
SKU_003,83,2,4
SKU_003,84,2,6
SKU_003,85,2,6
SKU_003,86,2,6
SKU_003,87,2,7
SKU_003,88,2,4
SKU_003,89,2,5
SKU_003,90,2,11
SKU_003,91,2,12
SKU_003,92,2,27
SKU_003,93,2,31
SKU_003,94,2,42
SKU_003,95,2,42
SKU_003,96,2,63
SKU_003,97,2,54
SKU_003,98,2,79
SKU_003,99,2,137
SKU_003,100,2,101
SKU_003,101,2,94
SKU_003,102,2,115
SKU_003,103,2,125
SKU_003,104,2,144
SKU_004,1,1,326
SKU_004,2,1,251
SKU_004,3,1,305
SKU_004,4,1,393
SKU_004,5,1,293
SKU_004,6,1,295
SKU_004,7,1,350
SKU_004,8,1,384
SKU_004,9,1,340
SKU_004,10,1,403
SKU_004,11,1,373
SKU_004,12,1,362
SKU_004,13,1,337
SKU_004,14,1,403
SKU_004,15,1,275
SKU_004,16,1,194
SKU_004,17,1,310
SKU_004,18,1,215
SKU_004,19,1,215
SKU_004,20,1,229
SKU_004,21,1,130
SKU_004,22,1,122
SKU_004,23,1,99
SKU_004,24,1,97
SKU_004,25,1,97
SKU_004,26,1,80
SKU_004,27,1,60
SKU_004,28,1,34
SKU_004,29,1,20
SKU_004,30,1,20
SKU_004,31,1,11
SKU_004,32,1,19
SKU_004,33,1,13
SKU_004,34,1,12
SKU_004,35,1,13
SKU_004,36,1,12
SKU_004,37,1,13
SKU_004,38,1,18
SKU_004,39,1,29
SKU_004,40,1,44
SKU_004,41,1,65
SKU_004,42,1,70
SKU_004,43,1,99
SKU_004,44,1,106
SKU_004,45,1,128
SKU_004,46,1,169
SKU_004,47,1,120
SKU_004,48,1,154
SKU_004,49,1,165
SKU_004,50,1,151
SKU_004,51,1,225
SKU_004,52,1,299
SKU_004,53,2,273
SKU_004,54,2,308
SKU_004,55,2,363
SKU_004,56,2,387
SKU_004,57,2,328
SKU_004,58,2,406
SKU_004,59,2,346
SKU_004,60,2,300
SKU_004,61,2,311
SKU_004,62,2,263
SKU_004,63,2,287
SKU_004,64,2,306
SKU_004,65,2,350
SKU_004,66,2,377
SKU_004,67,2,226
SKU_004,68,2,285
SKU_004,69,2,212
SKU_004,70,2,249
SKU_004,71,2,208
SKU_004,72,2,186
SKU_004,73,2,195
SKU_004,74,2,137
SKU_004,75,2,120
SKU_004,76,2,93
SKU_004,77,2,83
SKU_004,78,2,79
SKU_004,79,2,56
SKU_004,80,2,45
SKU_004,81,2,32
SKU_004,82,2,24
SKU_004,83,2,11
SKU_004,84,2,9
SKU_004,85,2,14
SKU_004,86,2,11
SKU_004,87,2,14
SKU_004,88,2,13
SKU_004,89,2,12
SKU_004,90,2,21
SKU_004,91,2,39
SKU_004,92,2,57
SKU_004,93,2,58
SKU_004,94,2,76
SKU_004,95,2,107
SKU_004,96,2,97
SKU_004,97,2,137
SKU_004,98,2,151
SKU_004,99,2,180
SKU_004,100,2,169
SKU_004,101,2,162
SKU_004,102,2,160
SKU_004,103,2,210
SKU_004,104,2,251
SKU_005,1,1,345
SKU_005,2,1,490
SKU_005,3,1,461
SKU_005,4,1,350
SKU_005,5,1,442
SKU_005,6,1,402
SKU_005,7,1,415
SKU_005,8,1,447
SKU_005,9,1,474
SKU_005,10,1,407
SKU_005,11,1,488
SKU_005,12,1,340
SKU_005,13,1,397
SKU_005,14,1,529
SKU_005,15,1,374
SKU_005,16,1,415
SKU_005,17,1,324
SKU_005,18,1,321
SKU_005,19,1,268
SKU_005,20,1,238
SKU_005,21,1,193
SKU_005,22,1,204
SKU_005,23,1,145
SKU_005,24,1,155
SKU_005,25,1,136
SKU_005,26,1,100
SKU_005,27,1,70
SKU_005,28,1,59
SKU_005,29,1,37
SKU_005,30,1,29
SKU_005,31,1,11
SKU_005,32,1,14
SKU_005,33,1,11
SKU_005,34,1,12
SKU_005,35,1,18
SKU_005,36,1,17
SKU_005,37,1,13
SKU_005,38,1,19
SKU_005,39,1,22
SKU_005,40,1,51
SKU_005,41,1,101
SKU_005,42,1,101
SKU_005,43,1,108
SKU_005,44,1,152
SKU_005,45,1,128
SKU_005,46,1,185
SKU_005,47,1,223
SKU_005,48,1,243
SKU_005,49,1,305
SKU_005,50,1,314
SKU_005,51,1,355
SKU_005,52,1,310
SKU_005,53,2,416
SKU_005,54,2,480
SKU_005,55,2,343
SKU_005,56,2,360
SKU_005,57,2,790
SKU_005,58,2,422
SKU_005,59,2,532
SKU_005,60,2,412
SKU_005,61,2,536
SKU_005,62,2,444
SKU_005,63,2,444
SKU_005,64,2,515
SKU_005,65,2,381
SKU_005,66,2,332
SKU_005,67,2,343
SKU_005,68,2,371
SKU_005,69,2,248
SKU_005,70,2,329
SKU_005,71,2,252
SKU_005,72,2,291
SKU_005,73,2,142
SKU_005,74,2,172
SKU_005,75,2,126
SKU_005,76,2,125
SKU_005,77,2,123
SKU_005,78,2,93
SKU_005,79,2,119
SKU_005,80,2,55
SKU_005,81,2,41
SKU_005,82,2,22
SKU_005,83,2,17
SKU_005,84,2,17
SKU_005,85,2,16
SKU_005,86,2,17
SKU_005,87,2,16
SKU_005,88,2,20
SKU_005,89,2,15
SKU_005,90,2,24
SKU_005,91,2,35
SKU_005,92,2,47
SKU_005,93,2,61
SKU_005,94,2,83
SKU_005,95,2,118
SKU_005,96,2,151
SKU_005,97,2,171
SKU_005,98,2,174
SKU_005,99,2,253
SKU_005,100,2,278
SKU_005,101,2,270
SKU_005,102,2,273
SKU_005,103,2,354
SKU_005,104,2,361
SKU_006,1,1,266
SKU_006,2,1,353
SKU_006,3,1,387
SKU_006,4,1,333
SKU_006,5,1,406
SKU_006,6,1,314
SKU_006,7,1,488
SKU_006,8,1,485
SKU_006,9,1,391
SKU_006,10,1,424
SKU_006,11,1,252
SKU_006,12,1,318
SKU_006,13,1,356
SKU_006,14,1,300
SKU_006,15,1,376
SKU_006,16,1,416
SKU_006,17,1,246
SKU_006,18,1,242
SKU_006,19,1,262
SKU_006,20,1,284
SKU_006,21,1,172
SKU_006,22,1,186
SKU_006,23,1,198
SKU_006,24,1,99
SKU_006,25,1,88
SKU_006,26,1,83
SKU_006,27,1,63
SKU_006,28,1,58
SKU_006,29,1,37
SKU_006,30,1,17
SKU_006,31,1,15
SKU_006,32,1,13
SKU_006,33,1,17
SKU_006,34,1,13
SKU_006,35,1,13
SKU_006,36,1,15
SKU_006,37,1,16
SKU_006,38,1,25
SKU_006,39,1,27
SKU_006,40,1,56
SKU_006,41,1,58
SKU_006,42,1,91
SKU_006,43,1,86
SKU_006,44,1,141
SKU_006,45,1,137
SKU_006,46,1,145
SKU_006,47,1,226
SKU_006,48,1,238
SKU_006,49,1,230
SKU_006,50,1,337
SKU_006,51,1,280
SKU_006,52,1,322
SKU_006,53,2,354
SKU_006,54,2,325
SKU_006,55,2,399
SKU_006,56,2,355
SKU_006,57,2,372
SKU_006,58,2,486
SKU_006,59,2,344
SKU_006,60,2,261
SKU_006,61,2,736
SKU_006,62,2,558
SKU_006,63,2,372
SKU_006,64,2,274
SKU_006,65,2,356
SKU_006,66,2,343
SKU_006,67,2,331
SKU_006,68,2,267
SKU_006,69,2,326
SKU_006,70,2,299
SKU_006,71,2,197
SKU_006,72,2,254
SKU_006,73,2,268
SKU_006,74,2,185
SKU_006,75,2,148
SKU_006,76,2,129
SKU_006,77,2,120
SKU_006,78,2,66
SKU_006,79,2,71
SKU_006,80,2,49
SKU_006,81,2,46
SKU_006,82,2,23
SKU_006,83,2,18
SKU_006,84,2,12
SKU_006,85,2,15
SKU_006,86,2,15
SKU_006,87,2,12
SKU_006,88,2,15
SKU_006,89,2,17
SKU_006,90,2,22
SKU_006,91,2,27
SKU_006,92,2,51
SKU_006,93,2,60
SKU_006,94,2,84
SKU_006,95,2,108
SKU_006,96,2,155
SKU_006,97,2,118
SKU_006,98,2,193
SKU_006,99,2,189
SKU_006,100,2,141
SKU_006,101,2,284
SKU_006,102,2,289
SKU_006,103,2,268
SKU_006,104,2,258
SKU_007,1,1,189
SKU_007,2,1,186
SKU_007,3,1,250
SKU_007,4,1,202
SKU_007,5,1,206
SKU_007,6,1,193
SKU_007,7,1,225
SKU_007,8,1,220
SKU_007,9,1,239
SKU_007,10,1,183
SKU_007,11,1,183
SKU_007,12,1,177
SKU_007,13,1,207
SKU_007,14,1,218
SKU_007,15,1,158
SKU_007,16,1,150
SKU_007,17,1,158
SKU_007,18,1,135
SKU_007,19,1,147
SKU_007,20,1,78
SKU_007,21,1,93
SKU_007,22,1,83
SKU_007,23,1,54
SKU_007,24,1,61
SKU_007,25,1,52
SKU_007,26,1,49
SKU_007,27,1,48
SKU_007,28,1,32
SKU_007,29,1,22
SKU_007,30,1,19
SKU_007,31,1,13
SKU_007,32,1,10
SKU_007,33,1,8
SKU_007,34,1,9
SKU_007,35,1,9
SKU_007,36,1,12
SKU_007,37,1,15
SKU_007,38,1,22
SKU_007,39,1,22
SKU_007,40,1,33
SKU_007,41,1,40
SKU_007,42,1,42
SKU_007,43,1,47
SKU_007,44,1,80
SKU_007,45,1,79
SKU_007,46,1,81
SKU_007,47,1,106
SKU_007,48,1,139
SKU_007,49,1,86
SKU_007,50,1,111
SKU_007,51,1,132
SKU_007,52,1,200
SKU_007,53,2,181
SKU_007,54,2,203
SKU_007,55,2,157
SKU_007,56,2,163
SKU_007,57,2,214
SKU_007,58,2,206
SKU_007,59,2,224
SKU_007,60,2,202
SKU_007,61,2,216
SKU_007,62,2,210
SKU_007,63,2,114
SKU_007,64,2,221
SKU_007,65,2,144
SKU_007,66,2,122
SKU_007,67,2,201
SKU_007,68,2,195
SKU_007,69,2,131
SKU_007,70,2,104
SKU_007,71,2,135
SKU_007,72,2,138
SKU_007,73,2,138
SKU_007,74,2,104
SKU_007,75,2,80
SKU_007,76,2,64
SKU_007,77,2,63
SKU_007,78,2,50
SKU_007,79,2,36
SKU_007,80,2,44
SKU_007,81,2,27
SKU_007,82,2,24
SKU_007,83,2,13
SKU_007,84,2,13
SKU_007,85,2,10
SKU_007,86,2,9
SKU_007,87,2,11
SKU_007,88,2,13
SKU_007,89,2,17
SKU_007,90,2,22
SKU_007,91,2,28
SKU_007,92,2,25
SKU_007,93,2,43
SKU_007,94,2,48
SKU_007,95,2,51
SKU_007,96,2,93
SKU_007,97,2,108
SKU_007,98,2,118
SKU_007,99,2,115
SKU_007,100,2,148
SKU_007,101,2,135
SKU_007,102,2,151
SKU_007,103,2,132
SKU_007,104,2,179
SKU_008,1,1,168
SKU_008,2,1,141
SKU_008,3,1,180
SKU_008,4,1,186
SKU_008,5,1,244
SKU_008,6,1,222
SKU_008,7,1,198
SKU_008,8,1,206
SKU_008,9,1,199
SKU_008,10,1,190
SKU_008,11,1,98
SKU_008,12,1,183
SKU_008,13,1,161
SKU_008,14,1,142
SKU_008,15,1,179
SKU_008,16,1,166
SKU_008,17,1,108
SKU_008,18,1,126
SKU_008,19,1,145
SKU_008,20,1,133
SKU_008,21,1,119
SKU_008,22,1,92
SKU_008,23,1,70
SKU_008,24,1,58
SKU_008,25,1,62
SKU_008,26,1,52
SKU_008,27,1,48
SKU_008,28,1,37
SKU_008,29,1,24
SKU_008,30,1,15
SKU_008,31,1,14
SKU_008,32,1,11
SKU_008,33,1,9
SKU_008,34,1,7
SKU_008,35,1,9
SKU_008,36,1,10
SKU_008,37,1,13
SKU_008,38,1,20
SKU_008,39,1,23
SKU_008,40,1,33
SKU_008,41,1,42
SKU_008,42,1,41
SKU_008,43,1,55
SKU_008,44,1,84
SKU_008,45,1,66
SKU_008,46,1,62
SKU_008,47,1,74
SKU_008,48,1,115
SKU_008,49,1,126
SKU_008,50,1,134
SKU_008,51,1,173
SKU_008,52,1,94
SKU_008,53,2,175
SKU_008,54,2,214
SKU_008,55,2,150
SKU_008,56,2,176
SKU_008,57,2,169
SKU_008,58,2,168
SKU_008,59,2,187
SKU_008,60,2,239
SKU_008,61,2,250
SKU_008,62,2,184
SKU_008,63,2,245
SKU_008,64,2,187
SKU_008,65,2,228
SKU_008,66,2,171
SKU_008,67,2,168
SKU_008,68,2,165
SKU_008,69,2,216
SKU_008,70,2,94
SKU_008,71,2,112
SKU_008,72,2,130
SKU_008,73,2,97
SKU_008,74,2,84
SKU_008,75,2,91
SKU_008,76,2,69
SKU_008,77,2,61
SKU_008,78,2,49
SKU_008,79,2,42
SKU_008,80,2,34
SKU_008,81,2,18
SKU_008,82,2,21
SKU_008,83,2,12
SKU_008,84,2,8
SKU_008,85,2,9
SKU_008,86,2,8
SKU_008,87,2,8
SKU_008,88,2,12
SKU_008,89,2,11
SKU_008,90,2,18
SKU_008,91,2,23
SKU_008,92,2,31
SKU_008,93,2,41
SKU_008,94,2,41
SKU_008,95,2,65
SKU_008,96,2,69
SKU_008,97,2,57
SKU_008,98,2,64
SKU_008,99,2,102
SKU_008,100,2,109
SKU_008,101,2,122
SKU_008,102,2,135
SKU_008,103,2,150
SKU_008,104,2,177
SKU_009,1,1,127
SKU_009,2,1,131
SKU_009,3,1,139
SKU_009,4,1,179
SKU_009,5,1,208
SKU_009,6,1,167
SKU_009,7,1,113
SKU_009,8,1,135
SKU_009,9,1,158
SKU_009,10,1,164
SKU_009,11,1,165
SKU_009,12,1,172
SKU_009,13,1,158
SKU_009,14,1,184
SKU_009,15,1,136
SKU_009,16,1,125
SKU_009,17,1,144
SKU_009,18,1,96
SKU_009,19,1,122
SKU_009,20,1,106
SKU_009,21,1,92
SKU_009,22,1,104
SKU_009,23,1,67
SKU_009,24,1,83
SKU_009,25,1,52
SKU_009,26,1,36
SKU_009,27,1,37
SKU_009,28,1,25
SKU_009,29,1,20
SKU_009,30,1,18
SKU_009,31,1,14
SKU_009,32,1,9
SKU_009,33,1,9
SKU_009,34,1,9
SKU_009,35,1,10
SKU_009,36,1,11
SKU_009,37,1,16
SKU_009,38,1,12
SKU_009,39,1,22
SKU_009,40,1,25
SKU_009,41,1,37
SKU_009,42,1,41
SKU_009,43,1,52
SKU_009,44,1,81
SKU_009,45,1,72
SKU_009,46,1,89
SKU_009,47,1,91
SKU_009,48,1,106
SKU_009,49,1,115
SKU_009,50,1,133
SKU_009,51,1,158
SKU_009,52,1,179
SKU_009,53,2,159
SKU_009,54,2,173
SKU_009,55,2,137
SKU_009,56,2,169
SKU_009,57,2,200
SKU_009,58,2,202
SKU_009,59,2,186
SKU_009,60,2,141
SKU_009,61,2,194
SKU_009,62,2,211
SKU_009,63,2,183
SKU_009,64,2,162
SKU_009,65,2,174
SKU_009,66,2,89
SKU_009,67,2,161
SKU_009,68,2,65
SKU_009,69,2,100
SKU_009,70,2,132
SKU_009,71,2,123
SKU_009,72,2,86
SKU_009,73,2,84
SKU_009,74,2,101
SKU_009,75,2,68
SKU_009,76,2,85
SKU_009,77,2,54
SKU_009,78,2,48
SKU_009,79,2,46
SKU_009,80,2,30
SKU_009,81,2,19
SKU_009,82,2,17
SKU_009,83,2,13
SKU_009,84,2,8
SKU_009,85,2,8
SKU_009,86,2,7
SKU_009,87,2,9
SKU_009,88,2,10
SKU_009,89,2,13
SKU_009,90,2,17
SKU_009,91,2,24
SKU_009,92,2,32
SKU_009,93,2,31
SKU_009,94,2,38
SKU_009,95,2,63
SKU_009,96,2,60
SKU_009,97,2,58
SKU_009,98,2,89
SKU_009,99,2,101
SKU_009,100,2,81
SKU_009,101,2,119
SKU_009,102,2,139
SKU_009,103,2,142
SKU_009,104,2,157
SKU_010,1,1,260
SKU_010,2,1,363
SKU_010,3,1,415
SKU_010,4,1,345
SKU_010,5,1,432
SKU_010,6,1,475
SKU_010,7,1,499
SKU_010,8,1,472
SKU_010,9,1,387
SKU_010,10,1,410
SKU_010,11,1,426
SKU_010,12,1,380
SKU_010,13,1,368
SKU_010,14,1,390
SKU_010,15,1,328
SKU_010,16,1,279
SKU_010,17,1,276
SKU_010,18,1,299
SKU_010,19,1,251
SKU_010,20,1,240
SKU_010,21,1,227
SKU_010,22,1,173
SKU_010,23,1,179
SKU_010,24,1,147
SKU_010,25,1,96
SKU_010,26,1,120
SKU_010,27,1,74
SKU_010,28,1,48
SKU_010,29,1,42
SKU_010,30,1,32
SKU_010,31,1,29
SKU_010,32,1,21
SKU_010,33,1,17
SKU_010,34,1,18
SKU_010,35,1,19
SKU_010,36,1,23
SKU_010,37,1,30
SKU_010,38,1,42
SKU_010,39,1,34
SKU_010,40,1,61
SKU_010,41,1,54
SKU_010,42,1,99
SKU_010,43,1,118
SKU_010,44,1,161
SKU_010,45,1,190
SKU_010,46,1,190
SKU_010,47,1,192
SKU_010,48,1,247
SKU_010,49,1,233
SKU_010,50,1,275
SKU_010,51,1,341
SKU_010,52,1,290
SKU_010,53,2,375
SKU_010,54,2,387
SKU_010,55,2,313
SKU_010,56,2,433
SKU_010,57,2,428
SKU_010,58,2,400
SKU_010,59,2,353
SKU_010,60,2,349
SKU_010,61,2,367
SKU_010,62,2,427
SKU_010,63,2,332
SKU_010,64,2,403
SKU_010,65,2,298
SKU_010,66,2,342
SKU_010,67,2,342
SKU_010,68,2,435
SKU_010,69,2,237
SKU_010,70,2,338
SKU_010,71,2,261
SKU_010,72,2,246
SKU_010,73,2,213
SKU_010,74,2,198
SKU_010,75,2,159
SKU_010,76,2,172
SKU_010,77,2,111
SKU_010,78,2,117
SKU_010,79,2,74
SKU_010,80,2,64
SKU_010,81,2,43
SKU_010,82,2,41
SKU_010,83,2,35
SKU_010,84,2,22
SKU_010,85,2,17
SKU_010,86,2,14
SKU_010,87,2,17
SKU_010,88,2,17
SKU_010,89,2,25
SKU_010,90,2,43
SKU_010,91,2,61
SKU_010,92,2,93
SKU_010,93,2,75
SKU_010,94,2,122
SKU_010,95,2,125
SKU_010,96,2,138
SKU_010,97,2,175
SKU_010,98,2,325
SKU_010,99,2,214
SKU_010,100,2,220
SKU_010,101,2,203
SKU_010,102,2,215
SKU_010,103,2,330
SKU_010,104,2,308
SKU_011,1,1,158
SKU_011,2,1,182
SKU_011,3,1,212
SKU_011,4,1,201
SKU_011,5,1,181
SKU_011,6,1,242
SKU_011,7,1,255
SKU_011,8,1,222
SKU_011,9,1,236
SKU_011,10,1,242
SKU_011,11,1,235
SKU_011,12,1,214
SKU_011,13,1,206
SKU_011,14,1,196
SKU_011,15,1,145
SKU_011,16,1,181
SKU_011,17,1,123
SKU_011,18,1,126
SKU_011,19,1,157
SKU_011,20,1,135
SKU_011,21,1,132
SKU_011,22,1,92
SKU_011,23,1,69
SKU_011,24,1,70
SKU_011,25,1,63
SKU_011,26,1,52
SKU_011,27,1,49
SKU_011,28,1,32
SKU_011,29,1,27
SKU_011,30,1,17
SKU_011,31,1,16
SKU_011,32,1,11
SKU_011,33,1,8
SKU_011,34,1,8
SKU_011,35,1,9
SKU_011,36,1,11
SKU_011,37,1,19
SKU_011,38,1,20
SKU_011,39,1,25
SKU_011,40,1,23
SKU_011,41,1,36
SKU_011,42,1,49
SKU_011,43,1,55
SKU_011,44,1,87
SKU_011,45,1,82
SKU_011,46,1,114
SKU_011,47,1,109
SKU_011,48,1,120
SKU_011,49,1,130
SKU_011,50,1,143
SKU_011,51,1,193
SKU_011,52,1,107
SKU_011,53,2,121
SKU_011,54,2,238
SKU_011,55,2,190
SKU_011,56,2,216
SKU_011,57,2,214
SKU_011,58,2,192
SKU_011,59,2,237
SKU_011,60,2,239
SKU_011,61,2,212
SKU_011,62,2,233
SKU_011,63,2,208
SKU_011,64,2,179
SKU_011,65,2,209
SKU_011,66,2,185
SKU_011,67,2,173
SKU_011,68,2,200
SKU_011,69,2,148
SKU_011,70,2,112
SKU_011,71,2,108
SKU_011,72,2,113
SKU_011,73,2,103
SKU_011,74,2,74
SKU_011,75,2,71
SKU_011,76,2,63
SKU_011,77,2,84
SKU_011,78,2,65
SKU_011,79,2,39
SKU_011,80,2,32
SKU_011,81,2,22
SKU_011,82,2,14
SKU_011,83,2,15
SKU_011,84,2,10
SKU_011,85,2,9
SKU_011,86,2,6
SKU_011,87,2,8
SKU_011,88,2,12
SKU_011,89,2,16
SKU_011,90,2,21
SKU_011,91,2,21
SKU_011,92,2,38
SKU_011,93,2,37
SKU_011,94,2,56
SKU_011,95,2,61
SKU_011,96,2,95
SKU_011,97,2,80
SKU_011,98,2,101
SKU_011,99,2,117
SKU_011,100,2,117
SKU_011,101,2,161
SKU_011,102,2,164
SKU_011,103,2,147
SKU_011,104,2,182
SKU_012,1,1,287
SKU_012,2,1,302
SKU_012,3,1,198
SKU_012,4,1,188
SKU_012,5,1,314
SKU_012,6,1,220
SKU_012,7,1,212
SKU_012,8,1,246
SKU_012,9,1,281
SKU_012,10,1,257
SKU_012,11,1,231
SKU_012,12,1,225
SKU_012,13,1,216
SKU_012,14,1,202
SKU_012,15,1,298
SKU_012,16,1,219
SKU_012,17,1,223
SKU_012,18,1,169
SKU_012,19,1,163
SKU_012,20,1,136
SKU_012,21,1,83
SKU_012,22,1,97
SKU_012,23,1,78
SKU_012,24,1,61
SKU_012,25,1,64
SKU_012,26,1,78
SKU_012,27,1,53
SKU_012,28,1,51
SKU_012,29,1,35
SKU_012,30,1,28
SKU_012,31,1,16
SKU_012,32,1,16
SKU_012,33,1,13
SKU_012,34,1,10
SKU_012,35,1,13
SKU_012,36,1,16
SKU_012,37,1,17
SKU_012,38,1,21
SKU_012,39,1,27
SKU_012,40,1,43
SKU_012,41,1,56
SKU_012,42,1,57
SKU_012,43,1,79
SKU_012,44,1,100
SKU_012,45,1,116
SKU_012,46,1,150
SKU_012,47,1,163
SKU_012,48,1,129
SKU_012,49,1,209
SKU_012,50,1,225
SKU_012,51,1,226
SKU_012,52,1,210
SKU_012,53,2,206
SKU_012,54,2,168
SKU_012,55,2,234
SKU_012,56,2,190
SKU_012,57,2,291
SKU_012,58,2,317
SKU_012,59,2,230
SKU_012,60,2,274
SKU_012,61,2,232
SKU_012,62,2,234
SKU_012,63,2,273
SKU_012,64,2,246
SKU_012,65,2,302
SKU_012,66,2,213
SKU_012,67,2,252
SKU_012,68,2,210
SKU_012,69,2,217
SKU_012,70,2,168
SKU_012,71,2,165
SKU_012,72,2,148
SKU_012,73,2,119
SKU_012,74,2,133
SKU_012,75,2,116
SKU_012,76,2,100
SKU_012,77,2,95
SKU_012,78,2,79
SKU_012,79,2,50
SKU_012,80,2,44
SKU_012,81,2,30
SKU_012,82,2,25
SKU_012,83,2,17
SKU_012,84,2,18
SKU_012,85,2,12
SKU_012,86,2,10
SKU_012,87,2,14
SKU_012,88,2,10
SKU_012,89,2,13
SKU_012,90,2,28
SKU_012,91,2,33
SKU_012,92,2,44
SKU_012,93,2,42
SKU_012,94,2,64
SKU_012,95,2,101
SKU_012,96,2,102
SKU_012,97,2,108
SKU_012,98,2,112
SKU_012,99,2,127
SKU_012,100,2,102
SKU_012,101,2,171
SKU_012,102,2,202
SKU_012,103,2,147
SKU_012,104,2,185
SKU_013,1,1,113
SKU_013,2,1,122
SKU_013,3,1,150
SKU_013,4,1,105
SKU_013,5,1,171
SKU_013,6,1,178
SKU_013,7,1,155
SKU_013,8,1,102
SKU_013,9,1,137
SKU_013,10,1,189
SKU_013,11,1,92
SKU_013,12,1,145
SKU_013,13,1,122
SKU_013,14,1,160
SKU_013,15,1,123
SKU_013,16,1,137
SKU_013,17,1,58
SKU_013,18,1,145
SKU_013,19,1,101
SKU_013,20,1,101
SKU_013,21,1,67
SKU_013,22,1,91
SKU_013,23,1,61
SKU_013,24,1,55
SKU_013,25,1,51
SKU_013,26,1,33
SKU_013,27,1,38
SKU_013,28,1,34
SKU_013,29,1,26
SKU_013,30,1,15
SKU_013,31,1,16
SKU_013,32,1,15
SKU_013,33,1,8
SKU_013,34,1,9
SKU_013,35,1,13
SKU_013,36,1,14
SKU_013,37,1,17
SKU_013,38,1,25
SKU_013,39,1,26
SKU_013,40,1,33
SKU_013,41,1,51
SKU_013,42,1,42
SKU_013,43,1,45
SKU_013,44,1,64
SKU_013,45,1,73
SKU_013,46,1,72
SKU_013,47,1,73
SKU_013,48,1,129
SKU_013,49,1,110
SKU_013,50,1,101
SKU_013,51,1,139
SKU_013,52,1,128
SKU_013,53,2,132
SKU_013,54,2,156
SKU_013,55,2,120
SKU_013,56,2,162
SKU_013,57,2,203
SKU_013,58,2,172
SKU_013,59,2,153
SKU_013,60,2,150
SKU_013,61,2,152
SKU_013,62,2,154
SKU_013,63,2,149
SKU_013,64,2,175
SKU_013,65,2,110
SKU_013,66,2,162
SKU_013,67,2,129
SKU_013,68,2,137
SKU_013,69,2,97
SKU_013,70,2,137
SKU_013,71,2,125
SKU_013,72,2,110
SKU_013,73,2,67
SKU_013,74,2,88
SKU_013,75,2,73
SKU_013,76,2,46
SKU_013,77,2,52
SKU_013,78,2,46
SKU_013,79,2,40
SKU_013,80,2,37
SKU_013,81,2,26
SKU_013,82,2,24
SKU_013,83,2,19
SKU_013,84,2,8
SKU_013,85,2,11
SKU_013,86,2,11
SKU_013,87,2,9
SKU_013,88,2,14
SKU_013,89,2,19
SKU_013,90,2,17
SKU_013,91,2,26
SKU_013,92,2,26
SKU_013,93,2,33
SKU_013,94,2,54
SKU_013,95,2,48
SKU_013,96,2,64
SKU_013,97,2,50
SKU_013,98,2,100
SKU_013,99,2,95
SKU_013,100,2,94
SKU_013,101,2,114
SKU_013,102,2,90
SKU_013,103,2,144
SKU_013,104,2,124
SKU_014,1,1,98
SKU_014,2,1,99
SKU_014,3,1,101
SKU_014,4,1,126
SKU_014,5,1,121
SKU_014,6,1,131
SKU_014,7,1,120
SKU_014,8,1,130
SKU_014,9,1,113
SKU_014,10,1,159
SKU_014,11,1,90
SKU_014,12,1,136
SKU_014,13,1,134
SKU_014,14,1,93
SKU_014,15,1,136
SKU_014,16,1,111
SKU_014,17,1,104
SKU_014,18,1,40
SKU_014,19,1,76
SKU_014,20,1,69
SKU_014,21,1,69
SKU_014,22,1,70
SKU_014,23,1,53
SKU_014,24,1,36
SKU_014,25,1,43
SKU_014,26,1,37
SKU_014,27,1,30
SKU_014,28,1,25
SKU_014,29,1,18
SKU_014,30,1,13
SKU_014,31,1,10
SKU_014,32,1,8
SKU_014,33,1,9
SKU_014,34,1,8
SKU_014,35,1,8
SKU_014,36,1,6
SKU_014,37,1,10
SKU_014,38,1,17
SKU_014,39,1,17
SKU_014,40,1,24
SKU_014,41,1,22
SKU_014,42,1,40
SKU_014,43,1,38
SKU_014,44,1,47
SKU_014,45,1,70
SKU_014,46,1,72
SKU_014,47,1,62
SKU_014,48,1,66
SKU_014,49,1,75
SKU_014,50,1,92
SKU_014,51,1,91
SKU_014,52,1,92
SKU_014,53,2,126
SKU_014,54,2,107
SKU_014,55,2,152
SKU_014,56,2,118
SKU_014,57,2,151
SKU_014,58,2,128
SKU_014,59,2,140
SKU_014,60,2,76
SKU_014,61,2,107
SKU_014,62,2,130
SKU_014,63,2,137
SKU_014,64,2,117
SKU_014,65,2,91
SKU_014,66,2,87
SKU_014,67,2,82
SKU_014,68,2,73
SKU_014,69,2,94
SKU_014,70,2,101
SKU_014,71,2,80
SKU_014,72,2,48
SKU_014,73,2,64
SKU_014,74,2,58
SKU_014,75,2,69
SKU_014,76,2,36
SKU_014,77,2,37
SKU_014,78,2,42
SKU_014,79,2,30
SKU_014,80,2,25
SKU_014,81,2,19
SKU_014,82,2,16
SKU_014,83,2,14
SKU_014,84,2,9
SKU_014,85,2,10
SKU_014,86,2,7
SKU_014,87,2,9
SKU_014,88,2,10
SKU_014,89,2,11
SKU_014,90,2,15
SKU_014,91,2,17
SKU_014,92,2,19
SKU_014,93,2,27
SKU_014,94,2,28
SKU_014,95,2,42
SKU_014,96,2,38
SKU_014,97,2,58
SKU_014,98,2,49
SKU_014,99,2,61
SKU_014,100,2,67
SKU_014,101,2,97
SKU_014,102,2,92
SKU_014,103,2,91
SKU_014,104,2,107
SKU_015,1,1,121
SKU_015,2,1,185
SKU_015,3,1,251
SKU_015,4,1,203
SKU_015,5,1,206
SKU_015,6,1,225
SKU_015,7,1,239
SKU_015,8,1,148
SKU_015,9,1,157
SKU_015,10,1,215
SKU_015,11,1,183
SKU_015,12,1,240
SKU_015,13,1,185
SKU_015,14,1,133
SKU_015,15,1,145
SKU_015,16,1,100
SKU_015,17,1,154
SKU_015,18,1,144
SKU_015,19,1,128
SKU_015,20,1,146
SKU_015,21,1,134
SKU_015,22,1,99
SKU_015,23,1,61
SKU_015,24,1,86
SKU_015,25,1,73
SKU_015,26,1,60
SKU_015,27,1,55
SKU_015,28,1,33
SKU_015,29,1,42
SKU_015,30,1,22
SKU_015,31,1,24
SKU_015,32,1,13
SKU_015,33,1,13
SKU_015,34,1,18
SKU_015,35,1,15
SKU_015,36,1,34
SKU_015,37,1,22
SKU_015,38,1,26
SKU_015,39,1,39
SKU_015,40,1,38
SKU_015,41,1,36
SKU_015,42,1,51
SKU_015,43,1,74
SKU_015,44,1,84
SKU_015,45,1,70
SKU_015,46,1,92
SKU_015,47,1,105
SKU_015,48,1,121
SKU_015,49,1,110
SKU_015,50,1,137
SKU_015,51,1,145
SKU_015,52,1,193
SKU_015,53,2,205
SKU_015,54,2,187
SKU_015,55,2,187
SKU_015,56,2,210
SKU_015,57,2,185
SKU_015,58,2,177
SKU_015,59,2,186
SKU_015,60,2,197
SKU_015,61,2,179
SKU_015,62,2,220
SKU_015,63,2,234
SKU_015,64,2,157
SKU_015,65,2,201
SKU_015,66,2,186
SKU_015,67,2,193
SKU_015,68,2,174
SKU_015,69,2,128
SKU_015,70,2,124
SKU_015,71,2,142
SKU_015,72,2,149
SKU_015,73,2,78
SKU_015,74,2,110
SKU_015,75,2,109
SKU_015,76,2,79
SKU_015,77,2,75
SKU_015,78,2,53
SKU_015,79,2,49
SKU_015,80,2,31
SKU_015,81,2,22
SKU_015,82,2,31
SKU_015,83,2,19
SKU_015,84,2,17
SKU_015,85,2,13
SKU_015,86,2,12
SKU_015,87,2,15
SKU_015,88,2,16
SKU_015,89,2,23
SKU_015,90,2,29
SKU_015,91,2,35
SKU_015,92,2,43
SKU_015,93,2,62
SKU_015,94,2,50
SKU_015,95,2,70
SKU_015,96,2,96
SKU_015,97,2,175
SKU_015,98,2,83
SKU_015,99,2,113
SKU_015,100,2,158
SKU_015,101,2,154
SKU_015,102,2,160
SKU_015,103,2,162
SKU_015,104,2,168
SKU_016,1,1,223
SKU_016,2,1,215
SKU_016,3,1,231
SKU_016,4,1,243
SKU_016,5,1,221
SKU_016,6,1,271
SKU_016,7,1,477
SKU_016,8,1,186
SKU_016,9,1,266
SKU_016,10,1,222
SKU_016,11,1,268
SKU_016,12,1,243
SKU_016,13,1,261
SKU_016,14,1,265
SKU_016,15,1,221
SKU_016,16,1,239
SKU_016,17,1,124
SKU_016,18,1,221
SKU_016,19,1,174
SKU_016,20,1,176
SKU_016,21,1,112
SKU_016,22,1,107
SKU_016,23,1,111
SKU_016,24,1,94
SKU_016,25,1,85
SKU_016,26,1,81
SKU_016,27,1,43
SKU_016,28,1,55
SKU_016,29,1,58
SKU_016,30,1,30
SKU_016,31,1,20
SKU_016,32,1,23
SKU_016,33,1,12
SKU_016,34,1,19
SKU_016,35,1,14
SKU_016,36,1,21
SKU_016,37,1,25
SKU_016,38,1,37
SKU_016,39,1,38
SKU_016,40,1,43
SKU_016,41,1,54
SKU_016,42,1,83
SKU_016,43,1,89
SKU_016,44,1,90
SKU_016,45,1,139
SKU_016,46,1,95
SKU_016,47,1,147
SKU_016,48,1,113
SKU_016,49,1,187
SKU_016,50,1,185
SKU_016,51,1,265
SKU_016,52,1,174
SKU_016,53,2,216
SKU_016,54,2,292
SKU_016,55,2,282
SKU_016,56,2,221
SKU_016,57,2,262
SKU_016,58,2,258
SKU_016,59,2,272
SKU_016,60,2,234
SKU_016,61,2,257
SKU_016,62,2,196
SKU_016,63,2,259
SKU_016,64,2,265
SKU_016,65,2,232
SKU_016,66,2,176
SKU_016,67,2,254
SKU_016,68,2,221
SKU_016,69,2,176
SKU_016,70,2,176
SKU_016,71,2,132
SKU_016,72,2,131
SKU_016,73,2,129
SKU_016,74,2,149
SKU_016,75,2,101
SKU_016,76,2,107
SKU_016,77,2,77
SKU_016,78,2,74
SKU_016,79,2,58
SKU_016,80,2,55
SKU_016,81,2,37
SKU_016,82,2,25
SKU_016,83,2,21
SKU_016,84,2,20
SKU_016,85,2,15
SKU_016,86,2,19
SKU_016,87,2,18
SKU_016,88,2,30
SKU_016,89,2,19
SKU_016,90,2,33
SKU_016,91,2,33
SKU_016,92,2,46
SKU_016,93,2,61
SKU_016,94,2,47
SKU_016,95,2,88
SKU_016,96,2,126
SKU_016,97,2,105
SKU_016,98,2,133
SKU_016,99,2,165
SKU_016,100,2,154
SKU_016,101,2,158
SKU_016,102,2,123
SKU_016,103,2,220
SKU_016,104,2,210
SKU_017,1,1,242
SKU_017,2,1,305
SKU_017,3,1,174
SKU_017,4,1,296
SKU_017,5,1,359
SKU_017,6,1,268
SKU_017,7,1,392
SKU_017,8,1,269
SKU_017,9,1,306
SKU_017,10,1,434
SKU_017,11,1,387
SKU_017,12,1,328
SKU_017,13,1,270
SKU_017,14,1,278
SKU_017,15,1,292
SKU_017,16,1,275
SKU_017,17,1,254
SKU_017,18,1,239
SKU_017,19,1,215
SKU_017,20,1,159
SKU_017,21,1,170
SKU_017,22,1,187
SKU_017,23,1,116
SKU_017,24,1,124
SKU_017,25,1,96
SKU_017,26,1,55
SKU_017,27,1,73
SKU_017,28,1,79
SKU_017,29,1,56
SKU_017,30,1,34
SKU_017,31,1,38
SKU_017,32,1,25
SKU_017,33,1,23
SKU_017,34,1,25
SKU_017,35,1,23
SKU_017,36,1,32
SKU_017,37,1,30
SKU_017,38,1,39
SKU_017,39,1,48
SKU_017,40,1,59
SKU_017,41,1,92
SKU_017,42,1,103
SKU_017,43,1,140
SKU_017,44,1,174
SKU_017,45,1,126
SKU_017,46,1,170
SKU_017,47,1,155
SKU_017,48,1,184
SKU_017,49,1,206
SKU_017,50,1,208
SKU_017,51,1,223
SKU_017,52,1,276
SKU_017,53,2,244
SKU_017,54,2,352
SKU_017,55,2,281
SKU_017,56,2,477
SKU_017,57,2,321
SKU_017,58,2,354
SKU_017,59,2,286
SKU_017,60,2,447
SKU_017,61,2,415
SKU_017,62,2,367
SKU_017,63,2,276
SKU_017,64,2,349
SKU_017,65,2,273
SKU_017,66,2,385
SKU_017,67,2,339
SKU_017,68,2,290
SKU_017,69,2,171
SKU_017,70,2,214
SKU_017,71,2,256
SKU_017,72,2,251
SKU_017,73,2,224
SKU_017,74,2,131
SKU_017,75,2,159
SKU_017,76,2,153
SKU_017,77,2,86
SKU_017,78,2,97
SKU_017,79,2,85
SKU_017,80,2,86
SKU_017,81,2,39
SKU_017,82,2,42
SKU_017,83,2,34
SKU_017,84,2,29
SKU_017,85,2,24
SKU_017,86,2,23
SKU_017,87,2,26
SKU_017,88,2,32
SKU_017,89,2,34
SKU_017,90,2,42
SKU_017,91,2,56
SKU_017,92,2,48
SKU_017,93,2,88
SKU_017,94,2,99
SKU_017,95,2,117
SKU_017,96,2,155
SKU_017,97,2,110
SKU_017,98,2,124
SKU_017,99,2,204
SKU_017,100,2,217
SKU_017,101,2,244
SKU_017,102,2,240
SKU_017,103,2,304
SKU_017,104,2,336
SKU_018,1,1,254
SKU_018,2,1,238
SKU_018,3,1,176
SKU_018,4,1,297
SKU_018,5,1,322
SKU_018,6,1,304
SKU_018,7,1,243
SKU_018,8,1,309
SKU_018,9,1,316
SKU_018,10,1,341
SKU_018,11,1,236
SKU_018,12,1,256
SKU_018,13,1,286
SKU_018,14,1,249
SKU_018,15,1,196
SKU_018,16,1,237
SKU_018,17,1,228
SKU_018,18,1,198
SKU_018,19,1,186
SKU_018,20,1,159
SKU_018,21,1,182
SKU_018,22,1,115
SKU_018,23,1,108
SKU_018,24,1,103
SKU_018,25,1,100
SKU_018,26,1,58
SKU_018,27,1,50
SKU_018,28,1,36
SKU_018,29,1,42
SKU_018,30,1,28
SKU_018,31,1,26
SKU_018,32,1,25
SKU_018,33,1,17
SKU_018,34,1,20
SKU_018,35,1,19
SKU_018,36,1,25
SKU_018,37,1,29
SKU_018,38,1,30
SKU_018,39,1,41
SKU_018,40,1,60
SKU_018,41,1,66
SKU_018,42,1,59
SKU_018,43,1,97
SKU_018,44,1,86
SKU_018,45,1,142
SKU_018,46,1,153
SKU_018,47,1,154
SKU_018,48,1,167
SKU_018,49,1,173
SKU_018,50,1,213
SKU_018,51,1,196
SKU_018,52,1,229
SKU_018,53,2,264
SKU_018,54,2,223
SKU_018,55,2,230
SKU_018,56,2,215
SKU_018,57,2,225
SKU_018,58,2,198
SKU_018,59,2,305
SKU_018,60,2,351
SKU_018,61,2,334
SKU_018,62,2,206
SKU_018,63,2,296
SKU_018,64,2,316
SKU_018,65,2,235
SKU_018,66,2,247
SKU_018,67,2,162
SKU_018,68,2,229
SKU_018,69,2,174
SKU_018,70,2,198
SKU_018,71,2,136
SKU_018,72,2,175
SKU_018,73,2,169
SKU_018,74,2,116
SKU_018,75,2,96
SKU_018,76,2,69
SKU_018,77,2,84
SKU_018,78,2,68
SKU_018,79,2,47
SKU_018,80,2,54
SKU_018,81,2,39
SKU_018,82,2,28
SKU_018,83,2,25
SKU_018,84,2,26
SKU_018,85,2,21
SKU_018,86,2,18
SKU_018,87,2,21
SKU_018,88,2,19
SKU_018,89,2,27
SKU_018,90,2,42
SKU_018,91,2,38
SKU_018,92,2,54
SKU_018,93,2,54
SKU_018,94,2,79
SKU_018,95,2,94
SKU_018,96,2,57
SKU_018,97,2,136
SKU_018,98,2,71
SKU_018,99,2,231
SKU_018,100,2,185
SKU_018,101,2,167
SKU_018,102,2,148
SKU_018,103,2,171
SKU_018,104,2,251
SKU_019,1,1,192
SKU_019,2,1,330
SKU_019,3,1,290
SKU_019,4,1,248
SKU_019,5,1,282
SKU_019,6,1,266
SKU_019,7,1,359
SKU_019,8,1,354
SKU_019,9,1,236
SKU_019,10,1,296
SKU_019,11,1,270
SKU_019,12,1,362
SKU_019,13,1,235
SKU_019,14,1,426
SKU_019,15,1,271
SKU_019,16,1,213
SKU_019,17,1,219
SKU_019,18,1,201
SKU_019,19,1,171
SKU_019,20,1,197
SKU_019,21,1,246
SKU_019,22,1,108
SKU_019,23,1,135
SKU_019,24,1,92
SKU_019,25,1,98
SKU_019,26,1,82
SKU_019,27,1,71
SKU_019,28,1,90
SKU_019,29,1,59
SKU_019,30,1,51
SKU_019,31,1,31
SKU_019,32,1,34
SKU_019,33,1,35
SKU_019,34,1,28
SKU_019,35,1,39
SKU_019,36,1,31
SKU_019,37,1,41
SKU_019,38,1,45
SKU_019,39,1,60
SKU_019,40,1,76
SKU_019,41,1,79
SKU_019,42,1,93
SKU_019,43,1,99
SKU_019,44,1,137
SKU_019,45,1,150
SKU_019,46,1,160
SKU_019,47,1,168
SKU_019,48,1,221
SKU_019,49,1,208
SKU_019,50,1,222
SKU_019,51,1,252
SKU_019,52,1,331
SKU_019,53,2,222
SKU_019,54,2,324
SKU_019,55,2,216
SKU_019,56,2,321
SKU_019,57,2,394
SKU_019,58,2,348
SKU_019,59,2,336
SKU_019,60,2,301
SKU_019,61,2,330
SKU_019,62,2,313
SKU_019,63,2,282
SKU_019,64,2,299
SKU_019,65,2,313
SKU_019,66,2,259
SKU_019,67,2,246
SKU_019,68,2,212
SKU_019,69,2,266
SKU_019,70,2,254
SKU_019,71,2,226
SKU_019,72,2,229
SKU_019,73,2,185
SKU_019,74,2,174
SKU_019,75,2,154
SKU_019,76,2,128
SKU_019,77,2,105
SKU_019,78,2,131
SKU_019,79,2,79
SKU_019,80,2,64
SKU_019,81,2,64
SKU_019,82,2,53
SKU_019,83,2,35
SKU_019,84,2,45
SKU_019,85,2,35
SKU_019,86,2,28
SKU_019,87,2,41
SKU_019,88,2,42
SKU_019,89,2,36
SKU_019,90,2,65
SKU_019,91,2,67
SKU_019,92,2,72
SKU_019,93,2,105
SKU_019,94,2,102
SKU_019,95,2,114
SKU_019,96,2,119
SKU_019,97,2,162
SKU_019,98,2,179
SKU_019,99,2,186
SKU_019,100,2,179
SKU_019,101,2,226
SKU_019,102,2,237
SKU_019,103,2,205
SKU_019,104,2,212
SKU_020,1,1,343
SKU_020,2,1,201
SKU_020,3,1,353
SKU_020,4,1,328
SKU_020,5,1,433
SKU_020,6,1,340
SKU_020,7,1,408
SKU_020,8,1,350
SKU_020,9,1,377
SKU_020,10,1,502
SKU_020,11,1,336
SKU_020,12,1,406
SKU_020,13,1,292
SKU_020,14,1,345
SKU_020,15,1,360
SKU_020,16,1,330
SKU_020,17,1,364
SKU_020,18,1,234
SKU_020,19,1,194
SKU_020,20,1,192
SKU_020,21,1,225
SKU_020,22,1,199
SKU_020,23,1,168
SKU_020,24,1,121
SKU_020,25,1,142
SKU_020,26,1,140
SKU_020,27,1,111
SKU_020,28,1,114
SKU_020,29,1,71
SKU_020,30,1,62
SKU_020,31,1,45
SKU_020,32,1,31
SKU_020,33,1,36
SKU_020,34,1,32
SKU_020,35,1,31
SKU_020,36,1,54
SKU_020,37,1,51
SKU_020,38,1,60
SKU_020,39,1,64
SKU_020,40,1,78
SKU_020,41,1,108
SKU_020,42,1,109
SKU_020,43,1,137
SKU_020,44,1,141
SKU_020,45,1,156
SKU_020,46,1,146
SKU_020,47,1,144
SKU_020,48,1,216
SKU_020,49,1,247
SKU_020,50,1,213
SKU_020,51,1,281
SKU_020,52,1,302
SKU_020,53,2,213
SKU_020,54,2,284
SKU_020,55,2,363
SKU_020,56,2,373
SKU_020,57,2,298
SKU_020,58,2,375
SKU_020,59,2,427
SKU_020,60,2,414
SKU_020,61,2,365
SKU_020,62,2,341
SKU_020,63,2,326
SKU_020,64,2,377
SKU_020,65,2,352
SKU_020,66,2,360
SKU_020,67,2,321
SKU_020,68,2,336
SKU_020,69,2,286
SKU_020,70,2,295
SKU_020,71,2,276
SKU_020,72,2,197
SKU_020,73,2,149
SKU_020,74,2,227
SKU_020,75,2,171
SKU_020,76,2,108
SKU_020,77,2,113
SKU_020,78,2,122
SKU_020,79,2,90
SKU_020,80,2,74
SKU_020,81,2,81
SKU_020,82,2,48
SKU_020,83,2,43
SKU_020,84,2,44
SKU_020,85,2,41
SKU_020,86,2,41
SKU_020,87,2,44
SKU_020,88,2,44
SKU_020,89,2,52
SKU_020,90,2,55
SKU_020,91,2,68
SKU_020,92,2,60
SKU_020,93,2,97
SKU_020,94,2,122
SKU_020,95,2,137
SKU_020,96,2,146
SKU_020,97,2,144
SKU_020,98,2,186
SKU_020,99,2,203
SKU_020,100,2,231
SKU_020,101,2,325
SKU_020,102,2,242
SKU_020,103,2,299
SKU_020,104,2,346
SKU_021,1,1,268
SKU_021,2,1,373
SKU_021,3,1,270
SKU_021,4,1,309
SKU_021,5,1,266
SKU_021,6,1,291
SKU_021,7,1,321
SKU_021,8,1,350
SKU_021,9,1,325
SKU_021,10,1,365
SKU_021,11,1,297
SKU_021,12,1,280
SKU_021,13,1,402
SKU_021,14,1,292
SKU_021,15,1,235
SKU_021,16,1,224
SKU_021,17,1,202
SKU_021,18,1,251
SKU_021,19,1,193
SKU_021,20,1,191
SKU_021,21,1,169
SKU_021,22,1,171
SKU_021,23,1,120
SKU_021,24,1,102
SKU_021,25,1,110
SKU_021,26,1,100
SKU_021,27,1,82
SKU_021,28,1,59
SKU_021,29,1,62
SKU_021,30,1,42
SKU_021,31,1,37
SKU_021,32,1,31
SKU_021,33,1,39
SKU_021,34,1,35
SKU_021,35,1,36
SKU_021,36,1,42
SKU_021,37,1,58
SKU_021,38,1,35
SKU_021,39,1,50
SKU_021,40,1,60
SKU_021,41,1,68
SKU_021,42,1,77
SKU_021,43,1,101
SKU_021,44,1,99
SKU_021,45,1,144
SKU_021,46,1,155
SKU_021,47,1,182
SKU_021,48,1,201
SKU_021,49,1,222
SKU_021,50,1,207
SKU_021,51,1,309
SKU_021,52,1,257
SKU_021,53,2,189
SKU_021,54,2,232
SKU_021,55,2,210
SKU_021,56,2,293
SKU_021,57,2,294
SKU_021,58,2,283
SKU_021,59,2,400
SKU_021,60,2,333
SKU_021,61,2,340
SKU_021,62,2,261
SKU_021,63,2,254
SKU_021,64,2,294
SKU_021,65,2,291
SKU_021,66,2,197
SKU_021,67,2,254
SKU_021,68,2,248
SKU_021,69,2,226
SKU_021,70,2,192
SKU_021,71,2,186
SKU_021,72,2,181
SKU_021,73,2,172
SKU_021,74,2,166
SKU_021,75,2,158
SKU_021,76,2,115
SKU_021,77,2,56
SKU_021,78,2,97
SKU_021,79,2,85
SKU_021,80,2,62
SKU_021,81,2,62
SKU_021,82,2,54
SKU_021,83,2,48
SKU_021,84,2,45
SKU_021,85,2,28
SKU_021,86,2,31
SKU_021,87,2,32
SKU_021,88,2,62
SKU_021,89,2,36
SKU_021,90,2,37
SKU_021,91,2,56
SKU_021,92,2,58
SKU_021,93,2,79
SKU_021,94,2,80
SKU_021,95,2,87
SKU_021,96,2,124
SKU_021,97,2,139
SKU_021,98,2,165
SKU_021,99,2,224
SKU_021,100,2,193
SKU_021,101,2,216
SKU_021,102,2,182
SKU_021,103,2,187
SKU_021,104,2,456
SKU_022,1,1,153
SKU_022,2,1,157
SKU_022,3,1,192
SKU_022,4,1,196
SKU_022,5,1,176
SKU_022,6,1,198
SKU_022,7,1,248
SKU_022,8,1,184
SKU_022,9,1,216
SKU_022,10,1,236
SKU_022,11,1,219
SKU_022,12,1,180
SKU_022,13,1,147
SKU_022,14,1,165
SKU_022,15,1,177
SKU_022,16,1,199
SKU_022,17,1,135
SKU_022,18,1,147
SKU_022,19,1,152
SKU_022,20,1,82
SKU_022,21,1,134
SKU_022,22,1,86
SKU_022,23,1,98
SKU_022,24,1,85
SKU_022,25,1,84
SKU_022,26,1,67
SKU_022,27,1,34
SKU_022,28,1,40
SKU_022,29,1,39
SKU_022,30,1,31
SKU_022,31,1,30
SKU_022,32,1,27
SKU_022,33,1,24
SKU_022,34,1,21
SKU_022,35,1,16
SKU_022,36,1,23
SKU_022,37,1,29
SKU_022,38,1,27
SKU_022,39,1,42
SKU_022,40,1,51
SKU_022,41,1,54
SKU_022,42,1,34
SKU_022,43,1,58
SKU_022,44,1,106
SKU_022,45,1,85
SKU_022,46,1,73
SKU_022,47,1,137
SKU_022,48,1,53
SKU_022,49,1,161
SKU_022,50,1,155
SKU_022,51,1,171
SKU_022,52,1,178
SKU_022,53,2,197
SKU_022,54,2,250
SKU_022,55,2,221
SKU_022,56,2,152
SKU_022,57,2,218
SKU_022,58,2,243
SKU_022,59,2,247
SKU_022,60,2,197
SKU_022,61,2,246
SKU_022,62,2,236
SKU_022,63,2,283
SKU_022,64,2,177
SKU_022,65,2,177
SKU_022,66,2,178
SKU_022,67,2,165
SKU_022,68,2,147
SKU_022,69,2,93
SKU_022,70,2,139
SKU_022,71,2,146
SKU_022,72,2,118
SKU_022,73,2,149
SKU_022,74,2,105
SKU_022,75,2,111
SKU_022,76,2,86
SKU_022,77,2,81
SKU_022,78,2,65
SKU_022,79,2,64
SKU_022,80,2,46
SKU_022,81,2,41
SKU_022,82,2,34
SKU_022,83,2,26
SKU_022,84,2,26
SKU_022,85,2,30
SKU_022,86,2,21
SKU_022,87,2,24
SKU_022,88,2,29
SKU_022,89,2,32
SKU_022,90,2,32
SKU_022,91,2,25
SKU_022,92,2,49
SKU_022,93,2,36
SKU_022,94,2,76
SKU_022,95,2,74
SKU_022,96,2,95
SKU_022,97,2,81
SKU_022,98,2,80
SKU_022,99,2,120
SKU_022,100,2,127
SKU_022,101,2,128
SKU_022,102,2,151
SKU_022,103,2,226
SKU_022,104,2,191
SKU_023,1,1,247
SKU_023,2,1,251
SKU_023,3,1,283
SKU_023,4,1,232
SKU_023,5,1,169
SKU_023,6,1,241
SKU_023,7,1,281
SKU_023,8,1,215
SKU_023,9,1,244
SKU_023,10,1,222
SKU_023,11,1,299
SKU_023,12,1,265
SKU_023,13,1,254
SKU_023,14,1,244
SKU_023,15,1,212
SKU_023,16,1,209
SKU_023,17,1,157
SKU_023,18,1,120
SKU_023,19,1,169
SKU_023,20,1,160
SKU_023,21,1,164
SKU_023,22,1,154
SKU_023,23,1,138
SKU_023,24,1,84
SKU_023,25,1,82
SKU_023,26,1,80
SKU_023,27,1,88
SKU_023,28,1,66
SKU_023,29,1,53
SKU_023,30,1,36
SKU_023,31,1,29
SKU_023,32,1,32
SKU_023,33,1,22
SKU_023,34,1,25
SKU_023,35,1,26
SKU_023,36,1,36
SKU_023,37,1,31
SKU_023,38,1,24
SKU_023,39,1,49
SKU_023,40,1,48
SKU_023,41,1,64
SKU_023,42,1,73
SKU_023,43,1,83
SKU_023,44,1,110
SKU_023,45,1,86
SKU_023,46,1,115
SKU_023,47,1,213
SKU_023,48,1,138
SKU_023,49,1,126
SKU_023,50,1,197
SKU_023,51,1,223
SKU_023,52,1,202
SKU_023,53,2,151
SKU_023,54,2,247
SKU_023,55,2,174
SKU_023,56,2,250
SKU_023,57,2,212
SKU_023,58,2,205
SKU_023,59,2,237
SKU_023,60,2,245
SKU_023,61,2,227
SKU_023,62,2,270
SKU_023,63,2,228
SKU_023,64,2,274
SKU_023,65,2,242
SKU_023,66,2,200
SKU_023,67,2,186
SKU_023,68,2,153
SKU_023,69,2,200
SKU_023,70,2,169
SKU_023,71,2,107
SKU_023,72,2,140
SKU_023,73,2,120
SKU_023,74,2,155
SKU_023,75,2,83
SKU_023,76,2,77
SKU_023,77,2,101
SKU_023,78,2,90
SKU_023,79,2,57
SKU_023,80,2,49
SKU_023,81,2,50
SKU_023,82,2,36
SKU_023,83,2,24
SKU_023,84,2,28
SKU_023,85,2,33
SKU_023,86,2,24
SKU_023,87,2,27
SKU_023,88,2,34
SKU_023,89,2,44
SKU_023,90,2,35
SKU_023,91,2,46
SKU_023,92,2,69
SKU_023,93,2,49
SKU_023,94,2,86
SKU_023,95,2,73
SKU_023,96,2,100
SKU_023,97,2,108
SKU_023,98,2,107
SKU_023,99,2,118
SKU_023,100,2,159
SKU_023,101,2,191
SKU_023,102,2,176
SKU_023,103,2,194
SKU_023,104,2,221
SKU_024,1,1,282
SKU_024,2,1,383
SKU_024,3,1,402
SKU_024,4,1,513
SKU_024,5,1,356
SKU_024,6,1,357
SKU_024,7,1,432
SKU_024,8,1,436
SKU_024,9,1,356
SKU_024,10,1,360
SKU_024,11,1,408
SKU_024,12,1,322
SKU_024,13,1,335
SKU_024,14,1,349
SKU_024,15,1,378
SKU_024,16,1,284
SKU_024,17,1,213
SKU_024,18,1,196
SKU_024,19,1,207
SKU_024,20,1,188
SKU_024,21,1,208
SKU_024,22,1,158
SKU_024,23,1,154
SKU_024,24,1,134
SKU_024,25,1,124
SKU_024,26,1,137
SKU_024,27,1,108
SKU_024,28,1,83
SKU_024,29,1,65
SKU_024,30,1,55
SKU_024,31,1,53
SKU_024,32,1,48
SKU_024,33,1,35
SKU_024,34,1,40
SKU_024,35,1,28
SKU_024,36,1,46
SKU_024,37,1,56
SKU_024,38,1,57
SKU_024,39,1,89
SKU_024,40,1,72
SKU_024,41,1,101
SKU_024,42,1,113
SKU_024,43,1,130
SKU_024,44,1,148
SKU_024,45,1,174
SKU_024,46,1,216
SKU_024,47,1,256
SKU_024,48,1,233
SKU_024,49,1,284
SKU_024,50,1,244
SKU_024,51,1,326
SKU_024,52,1,275
SKU_024,53,2,380
SKU_024,54,2,454
SKU_024,55,2,347
SKU_024,56,2,245
SKU_024,57,2,342
SKU_024,58,2,449
SKU_024,59,2,414
SKU_024,60,2,398
SKU_024,61,2,440
SKU_024,62,2,406
SKU_024,63,2,440
SKU_024,64,2,414
SKU_024,65,2,433
SKU_024,66,2,358
SKU_024,67,2,369
SKU_024,68,2,295
SKU_024,69,2,285
SKU_024,70,2,342
SKU_024,71,2,260
SKU_024,72,2,260
SKU_024,73,2,215
SKU_024,74,2,173
SKU_024,75,2,170
SKU_024,76,2,182
SKU_024,77,2,142
SKU_024,78,2,84
SKU_024,79,2,94
SKU_024,80,2,104
SKU_024,81,2,67
SKU_024,82,2,43
SKU_024,83,2,64
SKU_024,84,2,48
SKU_024,85,2,40
SKU_024,86,2,37
SKU_024,87,2,47
SKU_024,88,2,40
SKU_024,89,2,59
SKU_024,90,2,63
SKU_024,91,2,72
SKU_024,92,2,84
SKU_024,93,2,94
SKU_024,94,2,130
SKU_024,95,2,113
SKU_024,96,2,113
SKU_024,97,2,184
SKU_024,98,2,207
SKU_024,99,2,225
SKU_024,100,2,247
SKU_024,101,2,238
SKU_024,102,2,302
SKU_024,103,2,287
SKU_024,104,2,404
SKU_025,1,1,144
SKU_025,2,1,205
SKU_025,3,1,120
SKU_025,4,1,180
SKU_025,5,1,128
SKU_025,6,1,171
SKU_025,7,1,164
SKU_025,8,1,121
SKU_025,9,1,186
SKU_025,10,1,164
SKU_025,11,1,118
SKU_025,12,1,140
SKU_025,13,1,199
SKU_025,14,1,194
SKU_025,15,1,161
SKU_025,16,1,147
SKU_025,17,1,166
SKU_025,18,1,163
SKU_025,19,1,143
SKU_025,20,1,97
SKU_025,21,1,108
SKU_025,22,1,102
SKU_025,23,1,63
SKU_025,24,1,84
SKU_025,25,1,95
SKU_025,26,1,69
SKU_025,27,1,69
SKU_025,28,1,51
SKU_025,29,1,44
SKU_025,30,1,42
SKU_025,31,1,32
SKU_025,32,1,29
SKU_025,33,1,38
SKU_025,34,1,38
SKU_025,35,1,27
SKU_025,36,1,41
SKU_025,37,1,36
SKU_025,38,1,42
SKU_025,39,1,48
SKU_025,40,1,58
SKU_025,41,1,57
SKU_025,42,1,77
SKU_025,43,1,75
SKU_025,44,1,87
SKU_025,45,1,77
SKU_025,46,1,129
SKU_025,47,1,114
SKU_025,48,1,128
SKU_025,49,1,94
SKU_025,50,1,117
SKU_025,51,1,168
SKU_025,52,1,156
SKU_025,53,2,112
SKU_025,54,2,188
SKU_025,55,2,155
SKU_025,56,2,210
SKU_025,57,2,175
SKU_025,58,2,233
SKU_025,59,2,214
SKU_025,60,2,158
SKU_025,61,2,155
SKU_025,62,2,175
SKU_025,63,2,200
SKU_025,64,2,140
SKU_025,65,2,127
SKU_025,66,2,185
SKU_025,67,2,144
SKU_025,68,2,142
SKU_025,69,2,103
SKU_025,70,2,121
SKU_025,71,2,126
SKU_025,72,2,134
SKU_025,73,2,96
SKU_025,74,2,124
SKU_025,75,2,81
SKU_025,76,2,73
SKU_025,77,2,90
SKU_025,78,2,68
SKU_025,79,2,53
SKU_025,80,2,51
SKU_025,81,2,56
SKU_025,82,2,51
SKU_025,83,2,33
SKU_025,84,2,35
SKU_025,85,2,34
SKU_025,86,2,28
SKU_025,87,2,33
SKU_025,88,2,35
SKU_025,89,2,44
SKU_025,90,2,49
SKU_025,91,2,44
SKU_025,92,2,51
SKU_025,93,2,65
SKU_025,94,2,60
SKU_025,95,2,81
SKU_025,96,2,82
SKU_025,97,2,78
SKU_025,98,2,86
SKU_025,99,2,134
SKU_025,100,2,117
SKU_025,101,2,161
SKU_025,102,2,127
SKU_025,103,2,153
SKU_025,104,2,210
SKU_026,1,1,149
SKU_026,2,1,131
SKU_026,3,1,226
SKU_026,4,1,171
SKU_026,5,1,198
SKU_026,6,1,184
SKU_026,7,1,212
SKU_026,8,1,175
SKU_026,9,1,198
SKU_026,10,1,215
SKU_026,11,1,168
SKU_026,12,1,174
SKU_026,13,1,179
SKU_026,14,1,143
SKU_026,15,1,164
SKU_026,16,1,170
SKU_026,17,1,149
SKU_026,18,1,143
SKU_026,19,1,139
SKU_026,20,1,116
SKU_026,21,1,131
SKU_026,22,1,132
SKU_026,23,1,92
SKU_026,24,1,67
SKU_026,25,1,77
SKU_026,26,1,75
SKU_026,27,1,78
SKU_026,28,1,61
SKU_026,29,1,37
SKU_026,30,1,48
SKU_026,31,1,48
SKU_026,32,1,37
SKU_026,33,1,41
SKU_026,34,1,32
SKU_026,35,1,28
SKU_026,36,1,39
SKU_026,37,1,30
SKU_026,38,1,43
SKU_026,39,1,60
SKU_026,40,1,40
SKU_026,41,1,51
SKU_026,42,1,91
SKU_026,43,1,78
SKU_026,44,1,83
SKU_026,45,1,118
SKU_026,46,1,123
SKU_026,47,1,126
SKU_026,48,1,130
SKU_026,49,1,145
SKU_026,50,1,127
SKU_026,51,1,175
SKU_026,52,1,136
SKU_026,53,2,192
SKU_026,54,2,209
SKU_026,55,2,189
SKU_026,56,2,184
SKU_026,57,2,204
SKU_026,58,2,111
SKU_026,59,2,206
SKU_026,60,2,194
SKU_026,61,2,195
SKU_026,62,2,215
SKU_026,63,2,166
SKU_026,64,2,155
SKU_026,65,2,179
SKU_026,66,2,178
SKU_026,67,2,172
SKU_026,68,2,165
SKU_026,69,2,177
SKU_026,70,2,121
SKU_026,71,2,138
SKU_026,72,2,149
SKU_026,73,2,85
SKU_026,74,2,108
SKU_026,75,2,87
SKU_026,76,2,82
SKU_026,77,2,67
SKU_026,78,2,67
SKU_026,79,2,78
SKU_026,80,2,44
SKU_026,81,2,40
SKU_026,82,2,35
SKU_026,83,2,50
SKU_026,84,2,34
SKU_026,85,2,35
SKU_026,86,2,32
SKU_026,87,2,30
SKU_026,88,2,35
SKU_026,89,2,54
SKU_026,90,2,52
SKU_026,91,2,42
SKU_026,92,2,59
SKU_026,93,2,53
SKU_026,94,2,50
SKU_026,95,2,88
SKU_026,96,2,100
SKU_026,97,2,109
SKU_026,98,2,96
SKU_026,99,2,110
SKU_026,100,2,136
SKU_026,101,2,140
SKU_026,102,2,133
SKU_026,103,2,113
SKU_026,104,2,160
SKU_027,1,1,342
SKU_027,2,1,282
SKU_027,3,1,347
SKU_027,4,1,342
SKU_027,5,1,371
SKU_027,6,1,383
SKU_027,7,1,306
SKU_027,8,1,260
SKU_027,9,1,315
SKU_027,10,1,384
SKU_027,11,1,307
SKU_027,12,1,293
SKU_027,13,1,231
SKU_027,14,1,389
SKU_027,15,1,333
SKU_027,16,1,316
SKU_027,17,1,307
SKU_027,18,1,275
SKU_027,19,1,228
SKU_027,20,1,214
SKU_027,21,1,190
SKU_027,22,1,259
SKU_027,23,1,183
SKU_027,24,1,142
SKU_027,25,1,147
SKU_027,26,1,104
SKU_027,27,1,134
SKU_027,28,1,87
SKU_027,29,1,93
SKU_027,30,1,90
SKU_027,31,1,74
SKU_027,32,1,66
SKU_027,33,1,62
SKU_027,34,1,61
SKU_027,35,1,57
SKU_027,36,1,41
SKU_027,37,1,86
SKU_027,38,1,76
SKU_027,39,1,76
SKU_027,40,1,90
SKU_027,41,1,128
SKU_027,42,1,136
SKU_027,43,1,150
SKU_027,44,1,148
SKU_027,45,1,185
SKU_027,46,1,170
SKU_027,47,1,197
SKU_027,48,1,255
SKU_027,49,1,271
SKU_027,50,1,219
SKU_027,51,1,238
SKU_027,52,1,292
SKU_027,53,2,380
SKU_027,54,2,224
SKU_027,55,2,338
SKU_027,56,2,265
SKU_027,57,2,309
SKU_027,58,2,328
SKU_027,59,2,328
SKU_027,60,2,323
SKU_027,61,2,351
SKU_027,62,2,319
SKU_027,63,2,267
SKU_027,64,2,374
SKU_027,65,2,363
SKU_027,66,2,356
SKU_027,67,2,233
SKU_027,68,2,303
SKU_027,69,2,303
SKU_027,70,2,219
SKU_027,71,2,243
SKU_027,72,2,163
SKU_027,73,2,265
SKU_027,74,2,245
SKU_027,75,2,130
SKU_027,76,2,215
SKU_027,77,2,121
SKU_027,78,2,144
SKU_027,79,2,128
SKU_027,80,2,84
SKU_027,81,2,95
SKU_027,82,2,78
SKU_027,83,2,78
SKU_027,84,2,69
SKU_027,85,2,75
SKU_027,86,2,63
SKU_027,87,2,62
SKU_027,88,2,78
SKU_027,89,2,79
SKU_027,90,2,88
SKU_027,91,2,80
SKU_027,92,2,84
SKU_027,93,2,103
SKU_027,94,2,115
SKU_027,95,2,158
SKU_027,96,2,181
SKU_027,97,2,171
SKU_027,98,2,234
SKU_027,99,2,253
SKU_027,100,2,236
SKU_027,101,2,215
SKU_027,102,2,325
SKU_027,103,2,277
SKU_027,104,2,300
SKU_028,1,1,174
SKU_028,2,1,165
SKU_028,3,1,154
SKU_028,4,1,222
SKU_028,5,1,183
SKU_028,6,1,307
SKU_028,7,1,178
SKU_028,8,1,173
SKU_028,9,1,229
SKU_028,10,1,259
SKU_028,11,1,209
SKU_028,12,1,221
SKU_028,13,1,143
SKU_028,14,1,172
SKU_028,15,1,154
SKU_028,16,1,126
SKU_028,17,1,169
SKU_028,18,1,104
SKU_028,19,1,118
SKU_028,20,1,125
SKU_028,21,1,110
SKU_028,22,1,122
SKU_028,23,1,109
SKU_028,24,1,107
SKU_028,25,1,94
SKU_028,26,1,89
SKU_028,27,1,67
SKU_028,28,1,63
SKU_028,29,1,57
SKU_028,30,1,49
SKU_028,31,1,53
SKU_028,32,1,38
SKU_028,33,1,34
SKU_028,34,1,40
SKU_028,35,1,38
SKU_028,36,1,36
SKU_028,37,1,39
SKU_028,38,1,39
SKU_028,39,1,61
SKU_028,40,1,61
SKU_028,41,1,59
SKU_028,42,1,85
SKU_028,43,1,78
SKU_028,44,1,75
SKU_028,45,1,121
SKU_028,46,1,106
SKU_028,47,1,119
SKU_028,48,1,138
SKU_028,49,1,173
SKU_028,50,1,158
SKU_028,51,1,138
SKU_028,52,1,191
SKU_028,53,2,172
SKU_028,54,2,248
SKU_028,55,2,200
SKU_028,56,2,136
SKU_028,57,2,221
SKU_028,58,2,275
SKU_028,59,2,266
SKU_028,60,2,275
SKU_028,61,2,198
SKU_028,62,2,242
SKU_028,63,2,187
SKU_028,64,2,212
SKU_028,65,2,162
SKU_028,66,2,175
SKU_028,67,2,167
SKU_028,68,2,201
SKU_028,69,2,189
SKU_028,70,2,165
SKU_028,71,2,118
SKU_028,72,2,131
SKU_028,73,2,113
SKU_028,74,2,132
SKU_028,75,2,125
SKU_028,76,2,111
SKU_028,77,2,76
SKU_028,78,2,45
SKU_028,79,2,50
SKU_028,80,2,74
SKU_028,81,2,51
SKU_028,82,2,43
SKU_028,83,2,55
SKU_028,84,2,49
SKU_028,85,2,39
SKU_028,86,2,37
SKU_028,87,2,38
SKU_028,88,2,42
SKU_028,89,2,83
SKU_028,90,2,52
SKU_028,91,2,60
SKU_028,92,2,71
SKU_028,93,2,56
SKU_028,94,2,86
SKU_028,95,2,82
SKU_028,96,2,60
SKU_028,97,2,72
SKU_028,98,2,99
SKU_028,99,2,138
SKU_028,100,2,141
SKU_028,101,2,154
SKU_028,102,2,207
SKU_028,103,2,137
SKU_028,104,2,178
SKU_029,1,1,115
SKU_029,2,1,101
SKU_029,3,1,118
SKU_029,4,1,92
SKU_029,5,1,150
SKU_029,6,1,113
SKU_029,7,1,165
SKU_029,8,1,126
SKU_029,9,1,146
SKU_029,10,1,124
SKU_029,11,1,123
SKU_029,12,1,110
SKU_029,13,1,120
SKU_029,14,1,119
SKU_029,15,1,96
SKU_029,16,1,102
SKU_029,17,1,90
SKU_029,18,1,125
SKU_029,19,1,86
SKU_029,20,1,99
SKU_029,21,1,72
SKU_029,22,1,71
SKU_029,23,1,50
SKU_029,24,1,52
SKU_029,25,1,52
SKU_029,26,1,55
SKU_029,27,1,41
SKU_029,28,1,43
SKU_029,29,1,34
SKU_029,30,1,35
SKU_029,31,1,25
SKU_029,32,1,43
SKU_029,33,1,21
SKU_029,34,1,20
SKU_029,35,1,18
SKU_029,36,1,32
SKU_029,37,1,29
SKU_029,38,1,27
SKU_029,39,1,37
SKU_029,40,1,36
SKU_029,41,1,51
SKU_029,42,1,34
SKU_029,43,1,48
SKU_029,44,1,52
SKU_029,45,1,43
SKU_029,46,1,78
SKU_029,47,1,71
SKU_029,48,1,89
SKU_029,49,1,117
SKU_029,50,1,87
SKU_029,51,1,92
SKU_029,52,1,105
SKU_029,53,2,124
SKU_029,54,2,103
SKU_029,55,2,105
SKU_029,56,2,138
SKU_029,57,2,129
SKU_029,58,2,86
SKU_029,59,2,102
SKU_029,60,2,153
SKU_029,61,2,132
SKU_029,62,2,109
SKU_029,63,2,118
SKU_029,64,2,119
SKU_029,65,2,128
SKU_029,66,2,89
SKU_029,67,2,94
SKU_029,68,2,107
SKU_029,69,2,96
SKU_029,70,2,99
SKU_029,71,2,70
SKU_029,72,2,84
SKU_029,73,2,85
SKU_029,74,2,72
SKU_029,75,2,62
SKU_029,76,2,54
SKU_029,77,2,43
SKU_029,78,2,44
SKU_029,79,2,47
SKU_029,80,2,34
SKU_029,81,2,27
SKU_029,82,2,26
SKU_029,83,2,26
SKU_029,84,2,22
SKU_029,85,2,24
SKU_029,86,2,24
SKU_029,87,2,25
SKU_029,88,2,28
SKU_029,89,2,34
SKU_029,90,2,24
SKU_029,91,2,27
SKU_029,92,2,34
SKU_029,93,2,36
SKU_029,94,2,36
SKU_029,95,2,46
SKU_029,96,2,51
SKU_029,97,2,54
SKU_029,98,2,63
SKU_029,99,2,85
SKU_029,100,2,81
SKU_029,101,2,116
SKU_029,102,2,93
SKU_029,103,2,92
SKU_029,104,2,101
SKU_030,1,1,175
SKU_030,2,1,187
SKU_030,3,1,238
SKU_030,4,1,163
SKU_030,5,1,216
SKU_030,6,1,200
SKU_030,7,1,150
SKU_030,8,1,220
SKU_030,9,1,234
SKU_030,10,1,170
SKU_030,11,1,192
SKU_030,12,1,140
SKU_030,13,1,149
SKU_030,14,1,206
SKU_030,15,1,159
SKU_030,16,1,136
SKU_030,17,1,160
SKU_030,18,1,135
SKU_030,19,1,127
SKU_030,20,1,141
SKU_030,21,1,97
SKU_030,22,1,93
SKU_030,23,1,100
SKU_030,24,1,101
SKU_030,25,1,94
SKU_030,26,1,64
SKU_030,27,1,72
SKU_030,28,1,50
SKU_030,29,1,64
SKU_030,30,1,37
SKU_030,31,1,49
SKU_030,32,1,34
SKU_030,33,1,47
SKU_030,34,1,39
SKU_030,35,1,31
SKU_030,36,1,35
SKU_030,37,1,46
SKU_030,38,1,52
SKU_030,39,1,50
SKU_030,40,1,57
SKU_030,41,1,71
SKU_030,42,1,73
SKU_030,43,1,90
SKU_030,44,1,79
SKU_030,45,1,103
SKU_030,46,1,101
SKU_030,47,1,149
SKU_030,48,1,146
SKU_030,49,1,147
SKU_030,50,1,167
SKU_030,51,1,144
SKU_030,52,1,165
SKU_030,53,2,155
SKU_030,54,2,150
SKU_030,55,2,200
SKU_030,56,2,202
SKU_030,57,2,221
SKU_030,58,2,221
SKU_030,59,2,213
SKU_030,60,2,224
SKU_030,61,2,205
SKU_030,62,2,217
SKU_030,63,2,180
SKU_030,64,2,209
SKU_030,65,2,212
SKU_030,66,2,168
SKU_030,67,2,181
SKU_030,68,2,155
SKU_030,69,2,150
SKU_030,70,2,127
SKU_030,71,2,128
SKU_030,72,2,155
SKU_030,73,2,133
SKU_030,74,2,146
SKU_030,75,2,100
SKU_030,76,2,135
SKU_030,77,2,80
SKU_030,78,2,77
SKU_030,79,2,62
SKU_030,80,2,62
SKU_030,81,2,59
SKU_030,82,2,46
SKU_030,83,2,54
SKU_030,84,2,41
SKU_030,85,2,39
SKU_030,86,2,32
SKU_030,87,2,40
SKU_030,88,2,39
SKU_030,89,2,39
SKU_030,90,2,42
SKU_030,91,2,74
SKU_030,92,2,57
SKU_030,93,2,52
SKU_030,94,2,68
SKU_030,95,2,84
SKU_030,96,2,102
SKU_030,97,2,113
SKU_030,98,2,127
SKU_030,99,2,114
SKU_030,100,2,144
SKU_030,101,2,128
SKU_030,102,2,143
SKU_030,103,2,144
SKU_030,104,2,145
SKU_031,1,1,142
SKU_031,2,1,141
SKU_031,3,1,152
SKU_031,4,1,138
SKU_031,5,1,156
SKU_031,6,1,105
SKU_031,7,1,162
SKU_031,8,1,148
SKU_031,9,1,157
SKU_031,10,1,150
SKU_031,11,1,119
SKU_031,12,1,106
SKU_031,13,1,118
SKU_031,14,1,138
SKU_031,15,1,134
SKU_031,16,1,159
SKU_031,17,1,93
SKU_031,18,1,91
SKU_031,19,1,89
SKU_031,20,1,69
SKU_031,21,1,62
SKU_031,22,1,62
SKU_031,23,1,64
SKU_031,24,1,46
SKU_031,25,1,48
SKU_031,26,1,49
SKU_031,27,1,29
SKU_031,28,1,29
SKU_031,29,1,29
SKU_031,30,1,20
SKU_031,31,1,17
SKU_031,32,1,19
SKU_031,33,1,14
SKU_031,34,1,16
SKU_031,35,1,15
SKU_031,36,1,15
SKU_031,37,1,19
SKU_031,38,1,22
SKU_031,39,1,29
SKU_031,40,1,28
SKU_031,41,1,36
SKU_031,42,1,41
SKU_031,43,1,53
SKU_031,44,1,47
SKU_031,45,1,72
SKU_031,46,1,75
SKU_031,47,1,63
SKU_031,48,1,101
SKU_031,49,1,124
SKU_031,50,1,116
SKU_031,51,1,131
SKU_031,52,1,116
SKU_031,53,2,90
SKU_031,54,2,91
SKU_031,55,2,135
SKU_031,56,2,122
SKU_031,57,2,119
SKU_031,58,2,138
SKU_031,59,2,154
SKU_031,60,2,111
SKU_031,61,2,131
SKU_031,62,2,171
SKU_031,63,2,115
SKU_031,64,2,151
SKU_031,65,2,120
SKU_031,66,2,135
SKU_031,67,2,139
SKU_031,68,2,126
SKU_031,69,2,166
SKU_031,70,2,83
SKU_031,71,2,108
SKU_031,72,2,74
SKU_031,73,2,80
SKU_031,74,2,72
SKU_031,75,2,67
SKU_031,76,2,57
SKU_031,77,2,42
SKU_031,78,2,33
SKU_031,79,2,40
SKU_031,80,2,30
SKU_031,81,2,29
SKU_031,82,2,21
SKU_031,83,2,14
SKU_031,84,2,18
SKU_031,85,2,13
SKU_031,86,2,14
SKU_031,87,2,13
SKU_031,88,2,19
SKU_031,89,2,15
SKU_031,90,2,20
SKU_031,91,2,25
SKU_031,92,2,25
SKU_031,93,2,37
SKU_031,94,2,51
SKU_031,95,2,44
SKU_031,96,2,38
SKU_031,97,2,36
SKU_031,98,2,69
SKU_031,99,2,73
SKU_031,100,2,74
SKU_031,101,2,106
SKU_031,102,2,94
SKU_031,103,2,103
SKU_031,104,2,106
SKU_032,1,1,196
SKU_032,2,1,239
SKU_032,3,1,341
SKU_032,4,1,210
SKU_032,5,1,279
SKU_032,6,1,301
SKU_032,7,1,407
SKU_032,8,1,361
SKU_032,9,1,296
SKU_032,10,1,382
SKU_032,11,1,279
SKU_032,12,1,353
SKU_032,13,1,237
SKU_032,14,1,333
SKU_032,15,1,258
SKU_032,16,1,220
SKU_032,17,1,237
SKU_032,18,1,239
SKU_032,19,1,197
SKU_032,20,1,211
SKU_032,21,1,162
SKU_032,22,1,175
SKU_032,23,1,152
SKU_032,24,1,124
SKU_032,25,1,102
SKU_032,26,1,97
SKU_032,27,1,87
SKU_032,28,1,89
SKU_032,29,1,65
SKU_032,30,1,55
SKU_032,31,1,60
SKU_032,32,1,39
SKU_032,33,1,35
SKU_032,34,1,35
SKU_032,35,1,28
SKU_032,36,1,33
SKU_032,37,1,38
SKU_032,38,1,53
SKU_032,39,1,56
SKU_032,40,1,69
SKU_032,41,1,93
SKU_032,42,1,106
SKU_032,43,1,106
SKU_032,44,1,112
SKU_032,45,1,166
SKU_032,46,1,177
SKU_032,47,1,134
SKU_032,48,1,185
SKU_032,49,1,216
SKU_032,50,1,254
SKU_032,51,1,277
SKU_032,52,1,269
SKU_032,53,2,296
SKU_032,54,2,287
SKU_032,55,2,265
SKU_032,56,2,292
SKU_032,57,2,312
SKU_032,58,2,315
SKU_032,59,2,229
SKU_032,60,2,301
SKU_032,61,2,322
SKU_032,62,2,303
SKU_032,63,2,299
SKU_032,64,2,326
SKU_032,65,2,247
SKU_032,66,2,214
SKU_032,67,2,257
SKU_032,68,2,354
SKU_032,69,2,304
SKU_032,70,2,253
SKU_032,71,2,164
SKU_032,72,2,186
SKU_032,73,2,182
SKU_032,74,2,162
SKU_032,75,2,152
SKU_032,76,2,190
SKU_032,77,2,109
SKU_032,78,2,99
SKU_032,79,2,90
SKU_032,80,2,59
SKU_032,81,2,54
SKU_032,82,2,28
SKU_032,83,2,37
SKU_032,84,2,33
SKU_032,85,2,27
SKU_032,86,2,32
SKU_032,87,2,32
SKU_032,88,2,23
SKU_032,89,2,42
SKU_032,90,2,41
SKU_032,91,2,61
SKU_032,92,2,54
SKU_032,93,2,80
SKU_032,94,2,89
SKU_032,95,2,113
SKU_032,96,2,126
SKU_032,97,2,135
SKU_032,98,2,189
SKU_032,99,2,136
SKU_032,100,2,175
SKU_032,101,2,208
SKU_032,102,2,204
SKU_032,103,2,263
SKU_032,104,2,245
SKU_033,1,1,142
SKU_033,2,1,191
SKU_033,3,1,186
SKU_033,4,1,194
SKU_033,5,1,243
SKU_033,6,1,174
SKU_033,7,1,193
SKU_033,8,1,208
SKU_033,9,1,194
SKU_033,10,1,178
SKU_033,11,1,146
SKU_033,12,1,171
SKU_033,13,1,151
SKU_033,14,1,128
SKU_033,15,1,146
SKU_033,16,1,133
SKU_033,17,1,161
SKU_033,18,1,151
SKU_033,19,1,111
SKU_033,20,1,113
SKU_033,21,1,77
SKU_033,22,1,89
SKU_033,23,1,91
SKU_033,24,1,85
SKU_033,25,1,59
SKU_033,26,1,66
SKU_033,27,1,38
SKU_033,28,1,34
SKU_033,29,1,38
SKU_033,30,1,37
SKU_033,31,1,27
SKU_033,32,1,22
SKU_033,33,1,13
SKU_033,34,1,13
SKU_033,35,1,20
SKU_033,36,1,21
SKU_033,37,1,21
SKU_033,38,1,29
SKU_033,39,1,28
SKU_033,40,1,47
SKU_033,41,1,50
SKU_033,42,1,68
SKU_033,43,1,66
SKU_033,44,1,75
SKU_033,45,1,100
SKU_033,46,1,82
SKU_033,47,1,152
SKU_033,48,1,124
SKU_033,49,1,135
SKU_033,50,1,149
SKU_033,51,1,189
SKU_033,52,1,175
SKU_033,53,2,125
SKU_033,54,2,209
SKU_033,55,2,170
SKU_033,56,2,188
SKU_033,57,2,153
SKU_033,58,2,207
SKU_033,59,2,175
SKU_033,60,2,198
SKU_033,61,2,186
SKU_033,62,2,248
SKU_033,63,2,245
SKU_033,64,2,186
SKU_033,65,2,181
SKU_033,66,2,163
SKU_033,67,2,192
SKU_033,68,2,149
SKU_033,69,2,138
SKU_033,70,2,158
SKU_033,71,2,117
SKU_033,72,2,117
SKU_033,73,2,81
SKU_033,74,2,106
SKU_033,75,2,111
SKU_033,76,2,84
SKU_033,77,2,80
SKU_033,78,2,50
SKU_033,79,2,50
SKU_033,80,2,35
SKU_033,81,2,33
SKU_033,82,2,32
SKU_033,83,2,25
SKU_033,84,2,17
SKU_033,85,2,16
SKU_033,86,2,15
SKU_033,87,2,21
SKU_033,88,2,28
SKU_033,89,2,30
SKU_033,90,2,21
SKU_033,91,2,74
SKU_033,92,2,47
SKU_033,93,2,37
SKU_033,94,2,54
SKU_033,95,2,77
SKU_033,96,2,82
SKU_033,97,2,69
SKU_033,98,2,105
SKU_033,99,2,72
SKU_033,100,2,113
SKU_033,101,2,149
SKU_033,102,2,138
SKU_033,103,2,136
SKU_033,104,2,177
SKU_034,1,1,263
SKU_034,2,1,287
SKU_034,3,1,282
SKU_034,4,1,299
SKU_034,5,1,292
SKU_034,6,1,278
SKU_034,7,1,274
SKU_034,8,1,262
SKU_034,9,1,222
SKU_034,10,1,230
SKU_034,11,1,253
SKU_034,12,1,267
SKU_034,13,1,305
SKU_034,14,1,240
SKU_034,15,1,266
SKU_034,16,1,255
SKU_034,17,1,217
SKU_034,18,1,211
SKU_034,19,1,173
SKU_034,20,1,197
SKU_034,21,1,164
SKU_034,22,1,111
SKU_034,23,1,124
SKU_034,24,1,133
SKU_034,25,1,90
SKU_034,26,1,86
SKU_034,27,1,74
SKU_034,28,1,49
SKU_034,29,1,53
SKU_034,30,1,32
SKU_034,31,1,32
SKU_034,32,1,35
SKU_034,33,1,29
SKU_034,34,1,26
SKU_034,35,1,30
SKU_034,36,1,30
SKU_034,37,1,35
SKU_034,38,1,45
SKU_034,39,1,44
SKU_034,40,1,59
SKU_034,41,1,66
SKU_034,42,1,62
SKU_034,43,1,81
SKU_034,44,1,133
SKU_034,45,1,129
SKU_034,46,1,110
SKU_034,47,1,117
SKU_034,48,1,164
SKU_034,49,1,224
SKU_034,50,1,191
SKU_034,51,1,251
SKU_034,52,1,235
SKU_034,53,2,252
SKU_034,54,2,197
SKU_034,55,2,291
SKU_034,56,2,250
SKU_034,57,2,305
SKU_034,58,2,241
SKU_034,59,2,284
SKU_034,60,2,293
SKU_034,61,2,271
SKU_034,62,2,291
SKU_034,63,2,260
SKU_034,64,2,239
SKU_034,65,2,318
SKU_034,66,2,286
SKU_034,67,2,210
SKU_034,68,2,244
SKU_034,69,2,188
SKU_034,70,2,163
SKU_034,71,2,212
SKU_034,72,2,126
SKU_034,73,2,175
SKU_034,74,2,133
SKU_034,75,2,120
SKU_034,76,2,116
SKU_034,77,2,103
SKU_034,78,2,72
SKU_034,79,2,78
SKU_034,80,2,60
SKU_034,81,2,41
SKU_034,82,2,66
SKU_034,83,2,43
SKU_034,84,2,39
SKU_034,85,2,32
SKU_034,86,2,23
SKU_034,87,2,31
SKU_034,88,2,35
SKU_034,89,2,40
SKU_034,90,2,47
SKU_034,91,2,53
SKU_034,92,2,59
SKU_034,93,2,64
SKU_034,94,2,59
SKU_034,95,2,101
SKU_034,96,2,113
SKU_034,97,2,163
SKU_034,98,2,112
SKU_034,99,2,170
SKU_034,100,2,224
SKU_034,101,2,188
SKU_034,102,2,199
SKU_034,103,2,225
SKU_034,104,2,298
SKU_035,1,1,177
SKU_035,2,1,225
SKU_035,3,1,199
SKU_035,4,1,214
SKU_035,5,1,237
SKU_035,6,1,292
SKU_035,7,1,535
SKU_035,8,1,263
SKU_035,9,1,232
SKU_035,10,1,334
SKU_035,11,1,224
SKU_035,12,1,213
SKU_035,13,1,166
SKU_035,14,1,264
SKU_035,15,1,239
SKU_035,16,1,270
SKU_035,17,1,148
SKU_035,18,1,213
SKU_035,19,1,164
SKU_035,20,1,167
SKU_035,21,1,102
SKU_035,22,1,149
SKU_035,23,1,121
SKU_035,24,1,102
SKU_035,25,1,92
SKU_035,26,1,64
SKU_035,27,1,56
SKU_035,28,1,48
SKU_035,29,1,32
SKU_035,30,1,42
SKU_035,31,1,37
SKU_035,32,1,25
SKU_035,33,1,41
SKU_035,34,1,23
SKU_035,35,1,26
SKU_035,36,1,25
SKU_035,37,1,27
SKU_035,38,1,43
SKU_035,39,1,43
SKU_035,40,1,68
SKU_035,41,1,62
SKU_035,42,1,62
SKU_035,43,1,99
SKU_035,44,1,105
SKU_035,45,1,121
SKU_035,46,1,144
SKU_035,47,1,122
SKU_035,48,1,146
SKU_035,49,1,158
SKU_035,50,1,141
SKU_035,51,1,180
SKU_035,52,1,238
SKU_035,53,2,217
SKU_035,54,2,175
SKU_035,55,2,174
SKU_035,56,2,292
SKU_035,57,2,236
SKU_035,58,2,220
SKU_035,59,2,236
SKU_035,60,2,192
SKU_035,61,2,298
SKU_035,62,2,229
SKU_035,63,2,289
SKU_035,64,2,236
SKU_035,65,2,276
SKU_035,66,2,227
SKU_035,67,2,236
SKU_035,68,2,220
SKU_035,69,2,205
SKU_035,70,2,184
SKU_035,71,2,157
SKU_035,72,2,192
SKU_035,73,2,117
SKU_035,74,2,122
SKU_035,75,2,109
SKU_035,76,2,102
SKU_035,77,2,78
SKU_035,78,2,76
SKU_035,79,2,60
SKU_035,80,2,40
SKU_035,81,2,44
SKU_035,82,2,31
SKU_035,83,2,23
SKU_035,84,2,28
SKU_035,85,2,27
SKU_035,86,2,26
SKU_035,87,2,27
SKU_035,88,2,20
SKU_035,89,2,25
SKU_035,90,2,48
SKU_035,91,2,37
SKU_035,92,2,57
SKU_035,93,2,55
SKU_035,94,2,73
SKU_035,95,2,76
SKU_035,96,2,104
SKU_035,97,2,111
SKU_035,98,2,114
SKU_035,99,2,114
SKU_035,100,2,155
SKU_035,101,2,133
SKU_035,102,2,187
SKU_035,103,2,261
SKU_035,104,2,239
SKU_036,1,1,212
SKU_036,2,1,198
SKU_036,3,1,147
SKU_036,4,1,171
SKU_036,5,1,261
SKU_036,6,1,196
SKU_036,7,1,123
SKU_036,8,1,219
SKU_036,9,1,188
SKU_036,10,1,181
SKU_036,11,1,216
SKU_036,12,1,184
SKU_036,13,1,184
SKU_036,14,1,176
SKU_036,15,1,205
SKU_036,16,1,174
SKU_036,17,1,165
SKU_036,18,1,173
SKU_036,19,1,144
SKU_036,20,1,129
SKU_036,21,1,131
SKU_036,22,1,122
SKU_036,23,1,96
SKU_036,24,1,88
SKU_036,25,1,67
SKU_036,26,1,57
SKU_036,27,1,62
SKU_036,28,1,50
SKU_036,29,1,42
SKU_036,30,1,35
SKU_036,31,1,28
SKU_036,32,1,27
SKU_036,33,1,26
SKU_036,34,1,25
SKU_036,35,1,22
SKU_036,36,1,30
SKU_036,37,1,29
SKU_036,38,1,36
SKU_036,39,1,41
SKU_036,40,1,48
SKU_036,41,1,49
SKU_036,42,1,71
SKU_036,43,1,107
SKU_036,44,1,81
SKU_036,45,1,98
SKU_036,46,1,102
SKU_036,47,1,112
SKU_036,48,1,164
SKU_036,49,1,130
SKU_036,50,1,145
SKU_036,51,1,127
SKU_036,52,1,157
SKU_036,53,2,138
SKU_036,54,2,213
SKU_036,55,2,286
SKU_036,56,2,196
SKU_036,57,2,159
SKU_036,58,2,245
SKU_036,59,2,194
SKU_036,60,2,261
SKU_036,61,2,209
SKU_036,62,2,195
SKU_036,63,2,206
SKU_036,64,2,230
SKU_036,65,2,194
SKU_036,66,2,179
SKU_036,67,2,179
SKU_036,68,2,142
SKU_036,69,2,175
SKU_036,70,2,113
SKU_036,71,2,133
SKU_036,72,2,146
SKU_036,73,2,125
SKU_036,74,2,117
SKU_036,75,2,95
SKU_036,76,2,99
SKU_036,77,2,84
SKU_036,78,2,68
SKU_036,79,2,62
SKU_036,80,2,51
SKU_036,81,2,55
SKU_036,82,2,26
SKU_036,83,2,29
SKU_036,84,2,26
SKU_036,85,2,25
SKU_036,86,2,18
SKU_036,87,2,19
SKU_036,88,2,44
SKU_036,89,2,27
SKU_036,90,2,23
SKU_036,91,2,40
SKU_036,92,2,33
SKU_036,93,2,46
SKU_036,94,2,75
SKU_036,95,2,93
SKU_036,96,2,68
SKU_036,97,2,90
SKU_036,98,2,106
SKU_036,99,2,149
SKU_036,100,2,119
SKU_036,101,2,130
SKU_036,102,2,186
SKU_036,103,2,153
SKU_036,104,2,190
SKU_037,1,1,94
SKU_037,2,1,123
SKU_037,3,1,99
SKU_037,4,1,114
SKU_037,5,1,157
SKU_037,6,1,141
SKU_037,7,1,137
SKU_037,8,1,128
SKU_037,9,1,139
SKU_037,10,1,148
SKU_037,11,1,160
SKU_037,12,1,82
SKU_037,13,1,115
SKU_037,14,1,129
SKU_037,15,1,118
SKU_037,16,1,120
SKU_037,17,1,110
SKU_037,18,1,94
SKU_037,19,1,83
SKU_037,20,1,79
SKU_037,21,1,86
SKU_037,22,1,57
SKU_037,23,1,56
SKU_037,24,1,49
SKU_037,25,1,50
SKU_037,26,1,32
SKU_037,27,1,30
SKU_037,28,1,24
SKU_037,29,1,15
SKU_037,30,1,10
SKU_037,31,1,7
SKU_037,32,1,5
SKU_037,33,1,6
SKU_037,34,1,6
SKU_037,35,1,6
SKU_037,36,1,5
SKU_037,37,1,6
SKU_037,38,1,14
SKU_037,39,1,15
SKU_037,40,1,18
SKU_037,41,1,32
SKU_037,42,1,34
SKU_037,43,1,44
SKU_037,44,1,47
SKU_037,45,1,53
SKU_037,46,1,63
SKU_037,47,1,57
SKU_037,48,1,80
SKU_037,49,1,93
SKU_037,50,1,124
SKU_037,51,1,106
SKU_037,52,1,73
SKU_037,53,2,117
SKU_037,54,2,219
SKU_037,55,2,147
SKU_037,56,2,118
SKU_037,57,2,150
SKU_037,58,2,124
SKU_037,59,2,113
SKU_037,60,2,134
SKU_037,61,2,143
SKU_037,62,2,101
SKU_037,63,2,114
SKU_037,64,2,134
SKU_037,65,2,121
SKU_037,66,2,132
SKU_037,67,2,97
SKU_037,68,2,124
SKU_037,69,2,86
SKU_037,70,2,121
SKU_037,71,2,66
SKU_037,72,2,101
SKU_037,73,2,77
SKU_037,74,2,80
SKU_037,75,2,58
SKU_037,76,2,51
SKU_037,77,2,40
SKU_037,78,2,28
SKU_037,79,2,24
SKU_037,80,2,16
SKU_037,81,2,12
SKU_037,82,2,11
SKU_037,83,2,6
SKU_037,84,2,6
SKU_037,85,2,4
SKU_037,86,2,6
SKU_037,87,2,5
SKU_037,88,2,7
SKU_037,89,2,8
SKU_037,90,2,13
SKU_037,91,2,13
SKU_037,92,2,20
SKU_037,93,2,22
SKU_037,94,2,30
SKU_037,95,2,38
SKU_037,96,2,42
SKU_037,97,2,45
SKU_037,98,2,36
SKU_037,99,2,46
SKU_037,100,2,67
SKU_037,101,2,96
SKU_037,102,2,73
SKU_037,103,2,82
SKU_037,104,2,140
SKU_038,1,1,212
SKU_038,2,1,258
SKU_038,3,1,282
SKU_038,4,1,292
SKU_038,5,1,210
SKU_038,6,1,268
SKU_038,7,1,212
SKU_038,8,1,385
SKU_038,9,1,213
SKU_038,10,1,234
SKU_038,11,1,230
SKU_038,12,1,206
SKU_038,13,1,309
SKU_038,14,1,336
SKU_038,15,1,218
SKU_038,16,1,178
SKU_038,17,1,138
SKU_038,18,1,185
SKU_038,19,1,168
SKU_038,20,1,144
SKU_038,21,1,148
SKU_038,22,1,134
SKU_038,23,1,116
SKU_038,24,1,90
SKU_038,25,1,66
SKU_038,26,1,72
SKU_038,27,1,52
SKU_038,28,1,45
SKU_038,29,1,33
SKU_038,30,1,17
SKU_038,31,1,11
SKU_038,32,1,10
SKU_038,33,1,9
SKU_038,34,1,12
SKU_038,35,1,11
SKU_038,36,1,13
SKU_038,37,1,15
SKU_038,38,1,22
SKU_038,39,1,63
SKU_038,40,1,43
SKU_038,41,1,53
SKU_038,42,1,80
SKU_038,43,1,81
SKU_038,44,1,90
SKU_038,45,1,97
SKU_038,46,1,140
SKU_038,47,1,170
SKU_038,48,1,159
SKU_038,49,1,212
SKU_038,50,1,136
SKU_038,51,1,206
SKU_038,52,1,221
SKU_038,53,2,210
SKU_038,54,2,336
SKU_038,55,2,255
SKU_038,56,2,250
SKU_038,57,2,227
SKU_038,58,2,195
SKU_038,59,2,249
SKU_038,60,2,324
SKU_038,61,2,255
SKU_038,62,2,244
SKU_038,63,2,327
SKU_038,64,2,320
SKU_038,65,2,278
SKU_038,66,2,231
SKU_038,67,2,227
SKU_038,68,2,196
SKU_038,69,2,177
SKU_038,70,2,163
SKU_038,71,2,161
SKU_038,72,2,136
SKU_038,73,2,110
SKU_038,74,2,131
SKU_038,75,2,115
SKU_038,76,2,151
SKU_038,77,2,72
SKU_038,78,2,68
SKU_038,79,2,55
SKU_038,80,2,39
SKU_038,81,2,33
SKU_038,82,2,24
SKU_038,83,2,15
SKU_038,84,2,10
SKU_038,85,2,10
SKU_038,86,2,9
SKU_038,87,2,10
SKU_038,88,2,10
SKU_038,89,2,12
SKU_038,90,2,23
SKU_038,91,2,35
SKU_038,92,2,35
SKU_038,93,2,54
SKU_038,94,2,55
SKU_038,95,2,76
SKU_038,96,2,85
SKU_038,97,2,121
SKU_038,98,2,114
SKU_038,99,2,166
SKU_038,100,2,155
SKU_038,101,2,160
SKU_038,102,2,157
SKU_038,103,2,217
SKU_038,104,2,253
SKU_039,1,1,268
SKU_039,2,1,362
SKU_039,3,1,343
SKU_039,4,1,278
SKU_039,5,1,285
SKU_039,6,1,327
SKU_039,7,1,270
SKU_039,8,1,364
SKU_039,9,1,326
SKU_039,10,1,317
SKU_039,11,1,331
SKU_039,12,1,369
SKU_039,13,1,291
SKU_039,14,1,268
SKU_039,15,1,318
SKU_039,16,1,281
SKU_039,17,1,219
SKU_039,18,1,213
SKU_039,19,1,201
SKU_039,20,1,187
SKU_039,21,1,127
SKU_039,22,1,108
SKU_039,23,1,106
SKU_039,24,1,90
SKU_039,25,1,80
SKU_039,26,1,79
SKU_039,27,1,39
SKU_039,28,1,46
SKU_039,29,1,27
SKU_039,30,1,22
SKU_039,31,1,17
SKU_039,32,1,13
SKU_039,33,1,11
SKU_039,34,1,12
SKU_039,35,1,16
SKU_039,36,1,12
SKU_039,37,1,14
SKU_039,38,1,23
SKU_039,39,1,34
SKU_039,40,1,44
SKU_039,41,1,58
SKU_039,42,1,57
SKU_039,43,1,76
SKU_039,44,1,104
SKU_039,45,1,121
SKU_039,46,1,130
SKU_039,47,1,157
SKU_039,48,1,182
SKU_039,49,1,225
SKU_039,50,1,213
SKU_039,51,1,248
SKU_039,52,1,230
SKU_039,53,2,288
SKU_039,54,2,294
SKU_039,55,2,328
SKU_039,56,2,332
SKU_039,57,2,335
SKU_039,58,2,309
SKU_039,59,2,329
SKU_039,60,2,369
SKU_039,61,2,286
SKU_039,62,2,285
SKU_039,63,2,317
SKU_039,64,2,320
SKU_039,65,2,255
SKU_039,66,2,277
SKU_039,67,2,263
SKU_039,68,2,168
SKU_039,69,2,228
SKU_039,70,2,214
SKU_039,71,2,196
SKU_039,72,2,221
SKU_039,73,2,134
SKU_039,74,2,127
SKU_039,75,2,77
SKU_039,76,2,100
SKU_039,77,2,85
SKU_039,78,2,69
SKU_039,79,2,69
SKU_039,80,2,52
SKU_039,81,2,46
SKU_039,82,2,23
SKU_039,83,2,19
SKU_039,84,2,12
SKU_039,85,2,11
SKU_039,86,2,9
SKU_039,87,2,12
SKU_039,88,2,14
SKU_039,89,2,22
SKU_039,90,2,25
SKU_039,91,2,30
SKU_039,92,2,38
SKU_039,93,2,65
SKU_039,94,2,55
SKU_039,95,2,99
SKU_039,96,2,122
SKU_039,97,2,136
SKU_039,98,2,88
SKU_039,99,2,180
SKU_039,100,2,190
SKU_039,101,2,180
SKU_039,102,2,284
SKU_039,103,2,227
SKU_039,104,2,287
SKU_040,1,1,125
SKU_040,2,1,179
SKU_040,3,1,191
SKU_040,4,1,163
SKU_040,5,1,180
SKU_040,6,1,183
SKU_040,7,1,154
SKU_040,8,1,185
SKU_040,9,1,150
SKU_040,10,1,153
SKU_040,11,1,193
SKU_040,12,1,185
SKU_040,13,1,139
SKU_040,14,1,133
SKU_040,15,1,129
SKU_040,16,1,149
SKU_040,17,1,107
SKU_040,18,1,123
SKU_040,19,1,119
SKU_040,20,1,95
SKU_040,21,1,100
SKU_040,22,1,73
SKU_040,23,1,64
SKU_040,24,1,49
SKU_040,25,1,55
SKU_040,26,1,35
SKU_040,27,1,33
SKU_040,28,1,24
SKU_040,29,1,15
SKU_040,30,1,12
SKU_040,31,1,10
SKU_040,32,1,7
SKU_040,33,1,5
SKU_040,34,1,7
SKU_040,35,1,6
SKU_040,36,1,10
SKU_040,37,1,9
SKU_040,38,1,12
SKU_040,39,1,22
SKU_040,40,1,17
SKU_040,41,1,31
SKU_040,42,1,50
SKU_040,43,1,46
SKU_040,44,1,42
SKU_040,45,1,62
SKU_040,46,1,92
SKU_040,47,1,90
SKU_040,48,1,83
SKU_040,49,1,94
SKU_040,50,1,105
SKU_040,51,1,130
SKU_040,52,1,158
SKU_040,53,2,171
SKU_040,54,2,156
SKU_040,55,2,122
SKU_040,56,2,126
SKU_040,57,2,174
SKU_040,58,2,58
SKU_040,59,2,160
SKU_040,60,2,174
SKU_040,61,2,137
SKU_040,62,2,139
SKU_040,63,2,158
SKU_040,64,2,168
SKU_040,65,2,175
SKU_040,66,2,158
SKU_040,67,2,140
SKU_040,68,2,116
SKU_040,69,2,102
SKU_040,70,2,104
SKU_040,71,2,110
SKU_040,72,2,99
SKU_040,73,2,58
SKU_040,74,2,66
SKU_040,75,2,76
SKU_040,76,2,56
SKU_040,77,2,37
SKU_040,78,2,51
SKU_040,79,2,30
SKU_040,80,2,25
SKU_040,81,2,18
SKU_040,82,2,12
SKU_040,83,2,7
SKU_040,84,2,8
SKU_040,85,2,7
SKU_040,86,2,7
SKU_040,87,2,7
SKU_040,88,2,5
SKU_040,89,2,10
SKU_040,90,2,11
SKU_040,91,2,18
SKU_040,92,2,18
SKU_040,93,2,21
SKU_040,94,2,39
SKU_040,95,2,40
SKU_040,96,2,38
SKU_040,97,2,69
SKU_040,98,2,97
SKU_040,99,2,100
SKU_040,100,2,89
SKU_040,101,2,102
SKU_040,102,2,126
SKU_040,103,2,140
SKU_040,104,2,121
SKU_041,1,1,174
SKU_041,2,1,190
SKU_041,3,1,205
SKU_041,4,1,192
SKU_041,5,1,197
SKU_041,6,1,247
SKU_041,7,1,244
SKU_041,8,1,222
SKU_041,9,1,260
SKU_041,10,1,140
SKU_041,11,1,250
SKU_041,12,1,211
SKU_041,13,1,282
SKU_041,14,1,149
SKU_041,15,1,155
SKU_041,16,1,173
SKU_041,17,1,162
SKU_041,18,1,183
SKU_041,19,1,117
SKU_041,20,1,134
SKU_041,21,1,124
SKU_041,22,1,103
SKU_041,23,1,69
SKU_041,24,1,84
SKU_041,25,1,69
SKU_041,26,1,52
SKU_041,27,1,39
SKU_041,28,1,30
SKU_041,29,1,22
SKU_041,30,1,17
SKU_041,31,1,11
SKU_041,32,1,7
SKU_041,33,1,7
SKU_041,34,1,7
SKU_041,35,1,8
SKU_041,36,1,8
SKU_041,37,1,11
SKU_041,38,1,17
SKU_041,39,1,20
SKU_041,40,1,36
SKU_041,41,1,36
SKU_041,42,1,44
SKU_041,43,1,62
SKU_041,44,1,50
SKU_041,45,1,71
SKU_041,46,1,106
SKU_041,47,1,77
SKU_041,48,1,137
SKU_041,49,1,158
SKU_041,50,1,133
SKU_041,51,1,158
SKU_041,52,1,189
SKU_041,53,2,159
SKU_041,54,2,203
SKU_041,55,2,169
SKU_041,56,2,180
SKU_041,57,2,175
SKU_041,58,2,213
SKU_041,59,2,185
SKU_041,60,2,199
SKU_041,61,2,165
SKU_041,62,2,169
SKU_041,63,2,210
SKU_041,64,2,247
SKU_041,65,2,198
SKU_041,66,2,169
SKU_041,67,2,191
SKU_041,68,2,156
SKU_041,69,2,142
SKU_041,70,2,120
SKU_041,71,2,155
SKU_041,72,2,72
SKU_041,73,2,117
SKU_041,74,2,86
SKU_041,75,2,75
SKU_041,76,2,86
SKU_041,77,2,51
SKU_041,78,2,42
SKU_041,79,2,37
SKU_041,80,2,31
SKU_041,81,2,20
SKU_041,82,2,12
SKU_041,83,2,9
SKU_041,84,2,9
SKU_041,85,2,8
SKU_041,86,2,8
SKU_041,87,2,7
SKU_041,88,2,11
SKU_041,89,2,13
SKU_041,90,2,15
SKU_041,91,2,20
SKU_041,92,2,34
SKU_041,93,2,33
SKU_041,94,2,43
SKU_041,95,2,57
SKU_041,96,2,68
SKU_041,97,2,83
SKU_041,98,2,120
SKU_041,99,2,109
SKU_041,100,2,74
SKU_041,101,2,134
SKU_041,102,2,140
SKU_041,103,2,151
SKU_041,104,2,166
SKU_042,1,1,251
SKU_042,2,1,263
SKU_042,3,1,302
SKU_042,4,1,263
SKU_042,5,1,252
SKU_042,6,1,435
SKU_042,7,1,270
SKU_042,8,1,308
SKU_042,9,1,235
SKU_042,10,1,305
SKU_042,11,1,253
SKU_042,12,1,268
SKU_042,13,1,322
SKU_042,14,1,286
SKU_042,15,1,321
SKU_042,16,1,177
SKU_042,17,1,287
SKU_042,18,1,172
SKU_042,19,1,236
SKU_042,20,1,201
SKU_042,21,1,170
SKU_042,22,1,120
SKU_042,23,1,123
SKU_042,24,1,96
SKU_042,25,1,87
SKU_042,26,1,89
SKU_042,27,1,39
SKU_042,28,1,51
SKU_042,29,1,32
SKU_042,30,1,22
SKU_042,31,1,14
SKU_042,32,1,12
SKU_042,33,1,10
SKU_042,34,1,8
SKU_042,35,1,13
SKU_042,36,1,13
SKU_042,37,1,15
SKU_042,38,1,19
SKU_042,39,1,33
SKU_042,40,1,34
SKU_042,41,1,48
SKU_042,42,1,64
SKU_042,43,1,99
SKU_042,44,1,99
SKU_042,45,1,114
SKU_042,46,1,181
SKU_042,47,1,167
SKU_042,48,1,186
SKU_042,49,1,185
SKU_042,50,1,194
SKU_042,51,1,155
SKU_042,52,1,282
SKU_042,53,2,278
SKU_042,54,2,267
SKU_042,55,2,468
SKU_042,56,2,328
SKU_042,57,2,233
SKU_042,58,2,282
SKU_042,59,2,259
SKU_042,60,2,397
SKU_042,61,2,354
SKU_042,62,2,207
SKU_042,63,2,235
SKU_042,64,2,291
SKU_042,65,2,267
SKU_042,66,2,221
SKU_042,67,2,340
SKU_042,68,2,260
SKU_042,69,2,249
SKU_042,70,2,193
SKU_042,71,2,220
SKU_042,72,2,170
SKU_042,73,2,154
SKU_042,74,2,156
SKU_042,75,2,94
SKU_042,76,2,132
SKU_042,77,2,92
SKU_042,78,2,87
SKU_042,79,2,49
SKU_042,80,2,39
SKU_042,81,2,28
SKU_042,82,2,25
SKU_042,83,2,16
SKU_042,84,2,11
SKU_042,85,2,10
SKU_042,86,2,10
SKU_042,87,2,12
SKU_042,88,2,11
SKU_042,89,2,15
SKU_042,90,2,30
SKU_042,91,2,33
SKU_042,92,2,54
SKU_042,93,2,54
SKU_042,94,2,77
SKU_042,95,2,90
SKU_042,96,2,80
SKU_042,97,2,153
SKU_042,98,2,142
SKU_042,99,2,182
SKU_042,100,2,162
SKU_042,101,2,197
SKU_042,102,2,191
SKU_042,103,2,282
SKU_042,104,2,266
SKU_043,1,1,331
SKU_043,2,1,397
SKU_043,3,1,403
SKU_043,4,1,395
SKU_043,5,1,286
SKU_043,6,1,331
SKU_043,7,1,317
SKU_043,8,1,416
SKU_043,9,1,383
SKU_043,10,1,292
SKU_043,11,1,352
SKU_043,12,1,274
SKU_043,13,1,339
SKU_043,14,1,246
SKU_043,15,1,336
SKU_043,16,1,311
SKU_043,17,1,354
SKU_043,18,1,287
SKU_043,19,1,219
SKU_043,20,1,238
SKU_043,21,1,150
SKU_043,22,1,177
SKU_043,23,1,153
SKU_043,24,1,84
SKU_043,25,1,104
SKU_043,26,1,73
SKU_043,27,1,69
SKU_043,28,1,44
SKU_043,29,1,42
SKU_043,30,1,28
SKU_043,31,1,23
SKU_043,32,1,14
SKU_043,33,1,13
SKU_043,34,1,14
SKU_043,35,1,11
SKU_043,36,1,15
SKU_043,37,1,20
SKU_043,38,1,38
SKU_043,39,1,35
SKU_043,40,1,78
SKU_043,41,1,62
SKU_043,42,1,88
SKU_043,43,1,109
SKU_043,44,1,122
SKU_043,45,1,167
SKU_043,46,1,150
SKU_043,47,1,214
SKU_043,48,1,225
SKU_043,49,1,229
SKU_043,50,1,238
SKU_043,51,1,368
SKU_043,52,1,253
SKU_043,53,2,319
SKU_043,54,2,284
SKU_043,55,2,423
SKU_043,56,2,390
SKU_043,57,2,317
SKU_043,58,2,387
SKU_043,59,2,377
SKU_043,60,2,336
SKU_043,61,2,404
SKU_043,62,2,379
SKU_043,63,2,363
SKU_043,64,2,341
SKU_043,65,2,353
SKU_043,66,2,329
SKU_043,67,2,305
SKU_043,68,2,258
SKU_043,69,2,335
SKU_043,70,2,208
SKU_043,71,2,241
SKU_043,72,2,196
SKU_043,73,2,233
SKU_043,74,2,141
SKU_043,75,2,126
SKU_043,76,2,103
SKU_043,77,2,106
SKU_043,78,2,66
SKU_043,79,2,62
SKU_043,80,2,35
SKU_043,81,2,39
SKU_043,82,2,25
SKU_043,83,2,14
SKU_043,84,2,16
SKU_043,85,2,11
SKU_043,86,2,15
SKU_043,87,2,12
SKU_043,88,2,17
SKU_043,89,2,20
SKU_043,90,2,23
SKU_043,91,2,33
SKU_043,92,2,56
SKU_043,93,2,63
SKU_043,94,2,80
SKU_043,95,2,120
SKU_043,96,2,106
SKU_043,97,2,142
SKU_043,98,2,183
SKU_043,99,2,203
SKU_043,100,2,197
SKU_043,101,2,213
SKU_043,102,2,303
SKU_043,103,2,220
SKU_043,104,2,293
SKU_044,1,1,194
SKU_044,2,1,210
SKU_044,3,1,248
SKU_044,4,1,182
SKU_044,5,1,219
SKU_044,6,1,237
SKU_044,7,1,208
SKU_044,8,1,283
SKU_044,9,1,264
SKU_044,10,1,240
SKU_044,11,1,288
SKU_044,12,1,172
SKU_044,13,1,215
SKU_044,14,1,219
SKU_044,15,1,171
SKU_044,16,1,197
SKU_044,17,1,149
SKU_044,18,1,184
SKU_044,19,1,180
SKU_044,20,1,149
SKU_044,21,1,94
SKU_044,22,1,101
SKU_044,23,1,115
SKU_044,24,1,94
SKU_044,25,1,49
SKU_044,26,1,85
SKU_044,27,1,64
SKU_044,28,1,47
SKU_044,29,1,53
SKU_044,30,1,35
SKU_044,31,1,31
SKU_044,32,1,32
SKU_044,33,1,36
SKU_044,34,1,34
SKU_044,35,1,30
SKU_044,36,1,33
SKU_044,37,1,38
SKU_044,38,1,32
SKU_044,39,1,86
SKU_044,40,1,48
SKU_044,41,1,65
SKU_044,42,1,70
SKU_044,43,1,89
SKU_044,44,1,96
SKU_044,45,1,57
SKU_044,46,1,122
SKU_044,47,1,143
SKU_044,48,1,153
SKU_044,49,1,153
SKU_044,50,1,209
SKU_044,51,1,187
SKU_044,52,1,222
SKU_044,53,2,231
SKU_044,54,2,220
SKU_044,55,2,187
SKU_044,56,2,141
SKU_044,57,2,211
SKU_044,58,2,258
SKU_044,59,2,221
SKU_044,60,2,263
SKU_044,61,2,239
SKU_044,62,2,276
SKU_044,63,2,218
SKU_044,64,2,238
SKU_044,65,2,233
SKU_044,66,2,255
SKU_044,67,2,149
SKU_044,68,2,177
SKU_044,69,2,202
SKU_044,70,2,207
SKU_044,71,2,162
SKU_044,72,2,137
SKU_044,73,2,146
SKU_044,74,2,134
SKU_044,75,2,101
SKU_044,76,2,99
SKU_044,77,2,98
SKU_044,78,2,93
SKU_044,79,2,69
SKU_044,80,2,54
SKU_044,81,2,46
SKU_044,82,2,43
SKU_044,83,2,34
SKU_044,84,2,32
SKU_044,85,2,24
SKU_044,86,2,33
SKU_044,87,2,24
SKU_044,88,2,29
SKU_044,89,2,35
SKU_044,90,2,56
SKU_044,91,2,43
SKU_044,92,2,48
SKU_044,93,2,57
SKU_044,94,2,91
SKU_044,95,2,48
SKU_044,96,2,80
SKU_044,97,2,150
SKU_044,98,2,129
SKU_044,99,2,110
SKU_044,100,2,143
SKU_044,101,2,158
SKU_044,102,2,190
SKU_044,103,2,229
SKU_044,104,2,202
SKU_045,1,1,102
SKU_045,2,1,129
SKU_045,3,1,107
SKU_045,4,1,104
SKU_045,5,1,93
SKU_045,6,1,98
SKU_045,7,1,112
SKU_045,8,1,107
SKU_045,9,1,135
SKU_045,10,1,105
SKU_045,11,1,66
SKU_045,12,1,104
SKU_045,13,1,111
SKU_045,14,1,105
SKU_045,15,1,135
SKU_045,16,1,95
SKU_045,17,1,112
SKU_045,18,1,92
SKU_045,19,1,85
SKU_045,20,1,69
SKU_045,21,1,71
SKU_045,22,1,58
SKU_045,23,1,60
SKU_045,24,1,50
SKU_045,25,1,39
SKU_045,26,1,45
SKU_045,27,1,36
SKU_045,28,1,27
SKU_045,29,1,26
SKU_045,30,1,21
SKU_045,31,1,16
SKU_045,32,1,17
SKU_045,33,1,14
SKU_045,34,1,13
SKU_045,35,1,12
SKU_045,36,1,16
SKU_045,37,1,20
SKU_045,38,1,19
SKU_045,39,1,34
SKU_045,40,1,33
SKU_045,41,1,40
SKU_045,42,1,55
SKU_045,43,1,57
SKU_045,44,1,45
SKU_045,45,1,35
SKU_045,46,1,60
SKU_045,47,1,77
SKU_045,48,1,79
SKU_045,49,1,88
SKU_045,50,1,108
SKU_045,51,1,102
SKU_045,52,1,114
SKU_045,53,2,92
SKU_045,54,2,94
SKU_045,55,2,144
SKU_045,56,2,53
SKU_045,57,2,111
SKU_045,58,2,113
SKU_045,59,2,113
SKU_045,60,2,112
SKU_045,61,2,101
SKU_045,62,2,96
SKU_045,63,2,118
SKU_045,64,2,108
SKU_045,65,2,135
SKU_045,66,2,116
SKU_045,67,2,111
SKU_045,68,2,90
SKU_045,69,2,94
SKU_045,70,2,94
SKU_045,71,2,92
SKU_045,72,2,75
SKU_045,73,2,81
SKU_045,74,2,63
SKU_045,75,2,63
SKU_045,76,2,46
SKU_045,77,2,32
SKU_045,78,2,40
SKU_045,79,2,37
SKU_045,80,2,31
SKU_045,81,2,26
SKU_045,82,2,20
SKU_045,83,2,16
SKU_045,84,2,17
SKU_045,85,2,16
SKU_045,86,2,13
SKU_045,87,2,17
SKU_045,88,2,14
SKU_045,89,2,16
SKU_045,90,2,26
SKU_045,91,2,27
SKU_045,92,2,27
SKU_045,93,2,34
SKU_045,94,2,39
SKU_045,95,2,18
SKU_045,96,2,43
SKU_045,97,2,55
SKU_045,98,2,59
SKU_045,99,2,71
SKU_045,100,2,88
SKU_045,101,2,77
SKU_045,102,2,74
SKU_045,103,2,98
SKU_045,104,2,94
SKU_046,1,1,250
SKU_046,2,1,256
SKU_046,3,1,497
SKU_046,4,1,190
SKU_046,5,1,276
SKU_046,6,1,298
SKU_046,7,1,266
SKU_046,8,1,343
SKU_046,9,1,338
SKU_046,10,1,297
SKU_046,11,1,282
SKU_046,12,1,283
SKU_046,13,1,275
SKU_046,14,1,267
SKU_046,15,1,251
SKU_046,16,1,255
SKU_046,17,1,259
SKU_046,18,1,178
SKU_046,19,1,170
SKU_046,20,1,138
SKU_046,21,1,193
SKU_046,22,1,160
SKU_046,23,1,149
SKU_046,24,1,97
SKU_046,25,1,137
SKU_046,26,1,86
SKU_046,27,1,84
SKU_046,28,1,79
SKU_046,29,1,51
SKU_046,30,1,47
SKU_046,31,1,46
SKU_046,32,1,57
SKU_046,33,1,39
SKU_046,34,1,45
SKU_046,35,1,44
SKU_046,36,1,42
SKU_046,37,1,38
SKU_046,38,1,60
SKU_046,39,1,47
SKU_046,40,1,88
SKU_046,41,1,85
SKU_046,42,1,58
SKU_046,43,1,104
SKU_046,44,1,137
SKU_046,45,1,136
SKU_046,46,1,174
SKU_046,47,1,152
SKU_046,48,1,153
SKU_046,49,1,205
SKU_046,50,1,224
SKU_046,51,1,226
SKU_046,52,1,299
SKU_046,53,2,232
SKU_046,54,2,291
SKU_046,55,2,291
SKU_046,56,2,228
SKU_046,57,2,244
SKU_046,58,2,310
SKU_046,59,2,405
SKU_046,60,2,341
SKU_046,61,2,232
SKU_046,62,2,165
SKU_046,63,2,339
SKU_046,64,2,294
SKU_046,65,2,340
SKU_046,66,2,243
SKU_046,67,2,282
SKU_046,68,2,288
SKU_046,69,2,225
SKU_046,70,2,211
SKU_046,71,2,211
SKU_046,72,2,209
SKU_046,73,2,176
SKU_046,74,2,184
SKU_046,75,2,134
SKU_046,76,2,79
SKU_046,77,2,146
SKU_046,78,2,89
SKU_046,79,2,77
SKU_046,80,2,72
SKU_046,81,2,63
SKU_046,82,2,50
SKU_046,83,2,47
SKU_046,84,2,41
SKU_046,85,2,40
SKU_046,86,2,24
SKU_046,87,2,50
SKU_046,88,2,41
SKU_046,89,2,51
SKU_046,90,2,43
SKU_046,91,2,58
SKU_046,92,2,66
SKU_046,93,2,104
SKU_046,94,2,90
SKU_046,95,2,127
SKU_046,96,2,117
SKU_046,97,2,136
SKU_046,98,2,72
SKU_046,99,2,215
SKU_046,100,2,141
SKU_046,101,2,172
SKU_046,102,2,164
SKU_046,103,2,207
SKU_046,104,2,230
SKU_047,1,1,209
SKU_047,2,1,256
SKU_047,3,1,208
SKU_047,4,1,261
SKU_047,5,1,371
SKU_047,6,1,339
SKU_047,7,1,332
SKU_047,8,1,275
SKU_047,9,1,249
SKU_047,10,1,265
SKU_047,11,1,313
SKU_047,12,1,348
SKU_047,13,1,339
SKU_047,14,1,316
SKU_047,15,1,246
SKU_047,16,1,264
SKU_047,17,1,236
SKU_047,18,1,225
SKU_047,19,1,281
SKU_047,20,1,146
SKU_047,21,1,175
SKU_047,22,1,194
SKU_047,23,1,115
SKU_047,24,1,118
SKU_047,25,1,106
SKU_047,26,1,97
SKU_047,27,1,66
SKU_047,28,1,81
SKU_047,29,1,70
SKU_047,30,1,59
SKU_047,31,1,41
SKU_047,32,1,43
SKU_047,33,1,34
SKU_047,34,1,36
SKU_047,35,1,52
SKU_047,36,1,28
SKU_047,37,1,39
SKU_047,38,1,56
SKU_047,39,1,51
SKU_047,40,1,61
SKU_047,41,1,73
SKU_047,42,1,94
SKU_047,43,1,131
SKU_047,44,1,142
SKU_047,45,1,159
SKU_047,46,1,137
SKU_047,47,1,167
SKU_047,48,1,207
SKU_047,49,1,196
SKU_047,50,1,223
SKU_047,51,1,265
SKU_047,52,1,250
SKU_047,53,2,287
SKU_047,54,2,359
SKU_047,55,2,292
SKU_047,56,2,364
SKU_047,57,2,418
SKU_047,58,2,251
SKU_047,59,2,271
SKU_047,60,2,285
SKU_047,61,2,283
SKU_047,62,2,317
SKU_047,63,2,346
SKU_047,64,2,368
SKU_047,65,2,314
SKU_047,66,2,270
SKU_047,67,2,191
SKU_047,68,2,267
SKU_047,69,2,250
SKU_047,70,2,240
SKU_047,71,2,285
SKU_047,72,2,237
SKU_047,73,2,204
SKU_047,74,2,141
SKU_047,75,2,136
SKU_047,76,2,129
SKU_047,77,2,102
SKU_047,78,2,108
SKU_047,79,2,92
SKU_047,80,2,62
SKU_047,81,2,75
SKU_047,82,2,56
SKU_047,83,2,35
SKU_047,84,2,54
SKU_047,85,2,41
SKU_047,86,2,44
SKU_047,87,2,37
SKU_047,88,2,48
SKU_047,89,2,49
SKU_047,90,2,44
SKU_047,91,2,50
SKU_047,92,2,87
SKU_047,93,2,103
SKU_047,94,2,106
SKU_047,95,2,142
SKU_047,96,2,152
SKU_047,97,2,163
SKU_047,98,2,143
SKU_047,99,2,230
SKU_047,100,2,216
SKU_047,101,2,205
SKU_047,102,2,210
SKU_047,103,2,259
SKU_047,104,2,198
SKU_048,1,1,233
SKU_048,2,1,189
SKU_048,3,1,241
SKU_048,4,1,217
SKU_048,5,1,231
SKU_048,6,1,216
SKU_048,7,1,240
SKU_048,8,1,317
SKU_048,9,1,297
SKU_048,10,1,257
SKU_048,11,1,239
SKU_048,12,1,264
SKU_048,13,1,266
SKU_048,14,1,192
SKU_048,15,1,207
SKU_048,16,1,145
SKU_048,17,1,220
SKU_048,18,1,230
SKU_048,19,1,165
SKU_048,20,1,102
SKU_048,21,1,150
SKU_048,22,1,107
SKU_048,23,1,100
SKU_048,24,1,108
SKU_048,25,1,90
SKU_048,26,1,70
SKU_048,27,1,59
SKU_048,28,1,57
SKU_048,29,1,45
SKU_048,30,1,34
SKU_048,31,1,34
SKU_048,32,1,33
SKU_048,33,1,29
SKU_048,34,1,23
SKU_048,35,1,34
SKU_048,36,1,19
SKU_048,37,1,33
SKU_048,38,1,37
SKU_048,39,1,49
SKU_048,40,1,60
SKU_048,41,1,76
SKU_048,42,1,67
SKU_048,43,1,79
SKU_048,44,1,100
SKU_048,45,1,45
SKU_048,46,1,157
SKU_048,47,1,106
SKU_048,48,1,157
SKU_048,49,1,170
SKU_048,50,1,180
SKU_048,51,1,171
SKU_048,52,1,220
SKU_048,53,2,98
SKU_048,54,2,212
SKU_048,55,2,203
SKU_048,56,2,205
SKU_048,57,2,249
SKU_048,58,2,276
SKU_048,59,2,227
SKU_048,60,2,269
SKU_048,61,2,241
SKU_048,62,2,205
SKU_048,63,2,224
SKU_048,64,2,217
SKU_048,65,2,198
SKU_048,66,2,227
SKU_048,67,2,211
SKU_048,68,2,147
SKU_048,69,2,137
SKU_048,70,2,182
SKU_048,71,2,139
SKU_048,72,2,153
SKU_048,73,2,149
SKU_048,74,2,98
SKU_048,75,2,85
SKU_048,76,2,120
SKU_048,77,2,89
SKU_048,78,2,69
SKU_048,79,2,54
SKU_048,80,2,50
SKU_048,81,2,38
SKU_048,82,2,45
SKU_048,83,2,31
SKU_048,84,2,36
SKU_048,85,2,27
SKU_048,86,2,24
SKU_048,87,2,27
SKU_048,88,2,19
SKU_048,89,2,34
SKU_048,90,2,39
SKU_048,91,2,52
SKU_048,92,2,39
SKU_048,93,2,74
SKU_048,94,2,82
SKU_048,95,2,99
SKU_048,96,2,94
SKU_048,97,2,123
SKU_048,98,2,93
SKU_048,99,2,146
SKU_048,100,2,127
SKU_048,101,2,117
SKU_048,102,2,140
SKU_048,103,2,179
SKU_048,104,2,166
SKU_049,1,1,203
SKU_049,2,1,146
SKU_049,3,1,141
SKU_049,4,1,258
SKU_049,5,1,249
SKU_049,6,1,187
SKU_049,7,1,225
SKU_049,8,1,260
SKU_049,9,1,239
SKU_049,10,1,228
SKU_049,11,1,255
SKU_049,12,1,191
SKU_049,13,1,209
SKU_049,14,1,200
SKU_049,15,1,184
SKU_049,16,1,172
SKU_049,17,1,174
SKU_049,18,1,162
SKU_049,19,1,126
SKU_049,20,1,155
SKU_049,21,1,108
SKU_049,22,1,110
SKU_049,23,1,98
SKU_049,24,1,96
SKU_049,25,1,55
SKU_049,26,1,79
SKU_049,27,1,54
SKU_049,28,1,61
SKU_049,29,1,41
SKU_049,30,1,38
SKU_049,31,1,43
SKU_049,32,1,28
SKU_049,33,1,32
SKU_049,34,1,27
SKU_049,35,1,29
SKU_049,36,1,30
SKU_049,37,1,37
SKU_049,38,1,34
SKU_049,39,1,38
SKU_049,40,1,47
SKU_049,41,1,61
SKU_049,42,1,68
SKU_049,43,1,89
SKU_049,44,1,109
SKU_049,45,1,88
SKU_049,46,1,102
SKU_049,47,1,99
SKU_049,48,1,181
SKU_049,49,1,158
SKU_049,50,1,174
SKU_049,51,1,138
SKU_049,52,1,215
SKU_049,53,2,208
SKU_049,54,2,194
SKU_049,55,2,243
SKU_049,56,2,290
SKU_049,57,2,189
SKU_049,58,2,190
SKU_049,59,2,197
SKU_049,60,2,282
SKU_049,61,2,262
SKU_049,62,2,220
SKU_049,63,2,222
SKU_049,64,2,189
SKU_049,65,2,237
SKU_049,66,2,191
SKU_049,67,2,186
SKU_049,68,2,201
SKU_049,69,2,169
SKU_049,70,2,157
SKU_049,71,2,151
SKU_049,72,2,156
SKU_049,73,2,159
SKU_049,74,2,125
SKU_049,75,2,116
SKU_049,76,2,89
SKU_049,77,2,72
SKU_049,78,2,77
SKU_049,79,2,62
SKU_049,80,2,41
SKU_049,81,2,42
SKU_049,82,2,38
SKU_049,83,2,31
SKU_049,84,2,36
SKU_049,85,2,31
SKU_049,86,2,32
SKU_049,87,2,29
SKU_049,88,2,30
SKU_049,89,2,29
SKU_049,90,2,38
SKU_049,91,2,45
SKU_049,92,2,41
SKU_049,93,2,56
SKU_049,94,2,67
SKU_049,95,2,86
SKU_049,96,2,98
SKU_049,97,2,94
SKU_049,98,2,104
SKU_049,99,2,124
SKU_049,100,2,80
SKU_049,101,2,141
SKU_049,102,2,190
SKU_049,103,2,130
SKU_049,104,2,188
SKU_050,1,1,279
SKU_050,2,1,158
SKU_050,3,1,185
SKU_050,4,1,153
SKU_050,5,1,243
SKU_050,6,1,196
SKU_050,7,1,202
SKU_050,8,1,242
SKU_050,9,1,221
SKU_050,10,1,173
SKU_050,11,1,177
SKU_050,12,1,206
SKU_050,13,1,169
SKU_050,14,1,123
SKU_050,15,1,171
SKU_050,16,1,128
SKU_050,17,1,193
SKU_050,18,1,149
SKU_050,19,1,117
SKU_050,20,1,112
SKU_050,21,1,82
SKU_050,22,1,86
SKU_050,23,1,107
SKU_050,24,1,110
SKU_050,25,1,80
SKU_050,26,1,62
SKU_050,27,1,51
SKU_050,28,1,40
SKU_050,29,1,53
SKU_050,30,1,34
SKU_050,31,1,40
SKU_050,32,1,32
SKU_050,33,1,18
SKU_050,34,1,22
SKU_050,35,1,22
SKU_050,36,1,27
SKU_050,37,1,30
SKU_050,38,1,50
SKU_050,39,1,34
SKU_050,40,1,49
SKU_050,41,1,60
SKU_050,42,1,64
SKU_050,43,1,75
SKU_050,44,1,71
SKU_050,45,1,96
SKU_050,46,1,113
SKU_050,47,1,122
SKU_050,48,1,139
SKU_050,49,1,168
SKU_050,50,1,171
SKU_050,51,1,162
SKU_050,52,1,162
SKU_050,53,2,162
SKU_050,54,2,180
SKU_050,55,2,201
SKU_050,56,2,185
SKU_050,57,2,176
SKU_050,58,2,171
SKU_050,59,2,158
SKU_050,60,2,203
SKU_050,61,2,164
SKU_050,62,2,177
SKU_050,63,2,193
SKU_050,64,2,161
SKU_050,65,2,206
SKU_050,66,2,205
SKU_050,67,2,166
SKU_050,68,2,161
SKU_050,69,2,175
SKU_050,70,2,136
SKU_050,71,2,125
SKU_050,72,2,154
SKU_050,73,2,135
SKU_050,74,2,118
SKU_050,75,2,110
SKU_050,76,2,61
SKU_050,77,2,91
SKU_050,78,2,70
SKU_050,79,2,66
SKU_050,80,2,52
SKU_050,81,2,42
SKU_050,82,2,35
SKU_050,83,2,33
SKU_050,84,2,27
SKU_050,85,2,29
SKU_050,86,2,19
SKU_050,87,2,24
SKU_050,88,2,37
SKU_050,89,2,29
SKU_050,90,2,35
SKU_050,91,2,37
SKU_050,92,2,52
SKU_050,93,2,51
SKU_050,94,2,65
SKU_050,95,2,87
SKU_050,96,2,78
SKU_050,97,2,110
SKU_050,98,2,124
SKU_050,99,2,141
SKU_050,100,2,136
SKU_050,101,2,216
SKU_050,102,2,181
SKU_050,103,2,175
SKU_050,104,2,154
